timestamp,location,price_per_mwh
2027-01-01T00:00:00Z,HB_WEST,45.41
2027-01-01T00:00:00Z,HB_NORTH,50.73
2027-01-01T00:00:00Z,HB_SOUTH,49.01
2027-01-01T01:00:00Z,HB_WEST,40.75
2027-01-01T01:00:00Z,HB_NORTH,46.5
2027-01-01T01:00:00Z,HB_SOUTH,48.8
2027-01-01T02:00:00Z,HB_WEST,27.63
2027-01-01T02:00:00Z,HB_NORTH,36.51
2027-01-01T02:00:00Z,HB_SOUTH,35.04
2027-01-01T03:00:00Z,HB_WEST,26.37
2027-01-01T03:00:00Z,HB_NORTH,26.67
2027-01-01T03:00:00Z,HB_SOUTH,31.62
2027-01-01T04:00:00Z,HB_WEST,22.79
2027-01-01T04:00:00Z,HB_NORTH,25.33
2027-01-01T04:00:00Z,HB_SOUTH,31.74
2027-01-01T05:00:00Z,HB_WEST,19.88
2027-01-01T05:00:00Z,HB_NORTH,26.54
2027-01-01T05:00:00Z,HB_SOUTH,30.59
2027-01-01T06:00:00Z,HB_WEST,23.08
2027-01-01T06:00:00Z,HB_NORTH,24.32
2027-01-01T06:00:00Z,HB_SOUTH,28.72
2027-01-01T07:00:00Z,HB_WEST,23.57
2027-01-01T07:00:00Z,HB_NORTH,27.83
2027-01-01T07:00:00Z,HB_SOUTH,31.04
2027-01-01T08:00:00Z,HB_WEST,23.89
2027-01-01T08:00:00Z,HB_NORTH,26.58
2027-01-01T08:00:00Z,HB_SOUTH,26.62
2027-01-01T09:00:00Z,HB_WEST,23.27
2027-01-01T09:00:00Z,HB_NORTH,26.8
2027-01-01T09:00:00Z,HB_SOUTH,28.17
2027-01-01T10:00:00Z,HB_WEST,23.02
2027-01-01T10:00:00Z,HB_NORTH,25.83
2027-01-01T10:00:00Z,HB_SOUTH,29.15
2027-01-01T11:00:00Z,HB_WEST,21.78
2027-01-01T11:00:00Z,HB_NORTH,29.71
2027-01-01T11:00:00Z,HB_SOUTH,26.96
2027-01-01T12:00:00Z,HB_WEST,27.32
2027-01-01T12:00:00Z,HB_NORTH,31.67
2027-01-01T12:00:00Z,HB_SOUTH,31.8
2027-01-01T13:00:00Z,HB_WEST,31.74
2027-01-01T13:00:00Z,HB_NORTH,37.35
2027-01-01T13:00:00Z,HB_SOUTH,36.67
2027-01-01T14:00:00Z,HB_WEST,31.63
2027-01-01T14:00:00Z,HB_NORTH,33.13
2027-01-01T14:00:00Z,HB_SOUTH,35.17
2027-01-01T15:00:00Z,HB_WEST,26.28
2027-01-01T15:00:00Z,HB_NORTH,28.37
2027-01-01T15:00:00Z,HB_SOUTH,32.47
2027-01-01T16:00:00Z,HB_WEST,20.83
2027-01-01T16:00:00Z,HB_NORTH,25.97
2027-01-01T16:00:00Z,HB_SOUTH,27.06
2027-01-01T17:00:00Z,HB_WEST,22.56
2027-01-01T17:00:00Z,HB_NORTH,28.34
2027-01-01T17:00:00Z,HB_SOUTH,27.42
2027-01-01T18:00:00Z,HB_WEST,24.18
2027-01-01T18:00:00Z,HB_NORTH,27.55
2027-01-01T18:00:00Z,HB_SOUTH,30.19
2027-01-01T19:00:00Z,HB_WEST,23.55
2027-01-01T19:00:00Z,HB_NORTH,28.25
2027-01-01T19:00:00Z,HB_SOUTH,30.21
2027-01-01T20:00:00Z,HB_WEST,20.68
2027-01-01T20:00:00Z,HB_NORTH,29.15
2027-01-01T20:00:00Z,HB_SOUTH,26.96
2027-01-01T21:00:00Z,HB_WEST,25.33
2027-01-01T21:00:00Z,HB_NORTH,27.92
2027-01-01T21:00:00Z,HB_SOUTH,31.4
2027-01-01T22:00:00Z,HB_WEST,29.25
2027-01-01T22:00:00Z,HB_NORTH,37.21
2027-01-01T22:00:00Z,HB_SOUTH,36.02
2027-01-01T23:00:00Z,HB_WEST,36.71
2027-01-01T23:00:00Z,HB_NORTH,46.44
2027-01-01T23:00:00Z,HB_SOUTH,47.91
2027-01-02T00:00:00Z,HB_WEST,33.27
2027-01-02T00:00:00Z,HB_NORTH,35.39
2027-01-02T00:00:00Z,HB_SOUTH,37.08
2027-01-02T01:00:00Z,HB_WEST,33.75
2027-01-02T01:00:00Z,HB_NORTH,33.11
2027-01-02T01:00:00Z,HB_SOUTH,41.68
2027-01-02T02:00:00Z,HB_WEST,26.55
2027-01-02T02:00:00Z,HB_NORTH,29.41
2027-01-02T02:00:00Z,HB_SOUTH,32.3
2027-01-02T03:00:00Z,HB_WEST,25.57
2027-01-02T03:00:00Z,HB_NORTH,25.84
2027-01-02T03:00:00Z,HB_SOUTH,32.69
2027-01-02T04:00:00Z,HB_WEST,22.84
2027-01-02T04:00:00Z,HB_NORTH,27.37
2027-01-02T04:00:00Z,HB_SOUTH,31.59
2027-01-02T05:00:00Z,HB_WEST,23.75
2027-01-02T05:00:00Z,HB_NORTH,27.84
2027-01-02T05:00:00Z,HB_SOUTH,31.16
2027-01-02T06:00:00Z,HB_WEST,21.51
2027-01-02T06:00:00Z,HB_NORTH,29.52
2027-01-02T06:00:00Z,HB_SOUTH,29.92
2027-01-02T07:00:00Z,HB_WEST,20.7
2027-01-02T07:00:00Z,HB_NORTH,28.75
2027-01-02T07:00:00Z,HB_SOUTH,30.0
2027-01-02T08:00:00Z,HB_WEST,20.01
2027-01-02T08:00:00Z,HB_NORTH,29.03
2027-01-02T08:00:00Z,HB_SOUTH,28.8
2027-01-02T09:00:00Z,HB_WEST,23.42
2027-01-02T09:00:00Z,HB_NORTH,27.31
2027-01-02T09:00:00Z,HB_SOUTH,30.41
2027-01-02T10:00:00Z,HB_WEST,21.63
2027-01-02T10:00:00Z,HB_NORTH,24.54
2027-01-02T10:00:00Z,HB_SOUTH,27.92
2027-01-02T11:00:00Z,HB_WEST,20.33
2027-01-02T11:00:00Z,HB_NORTH,27.46
2027-01-02T11:00:00Z,HB_SOUTH,27.57
2027-01-02T12:00:00Z,HB_WEST,21.62
2027-01-02T12:00:00Z,HB_NORTH,31.01
2027-01-02T12:00:00Z,HB_SOUTH,31.56
2027-01-02T13:00:00Z,HB_WEST,25.59
2027-01-02T13:00:00Z,HB_NORTH,33.7
2027-01-02T13:00:00Z,HB_SOUTH,33.03
2027-01-02T14:00:00Z,HB_WEST,26.52
2027-01-02T14:00:00Z,HB_NORTH,29.16
2027-01-02T14:00:00Z,HB_SOUTH,35.56
2027-01-02T15:00:00Z,HB_WEST,25.18
2027-01-02T15:00:00Z,HB_NORTH,26.43
2027-01-02T15:00:00Z,HB_SOUTH,30.19
2027-01-02T16:00:00Z,HB_WEST,23.49
2027-01-02T16:00:00Z,HB_NORTH,25.28
2027-01-02T16:00:00Z,HB_SOUTH,30.44
2027-01-02T17:00:00Z,HB_WEST,22.98
2027-01-02T17:00:00Z,HB_NORTH,26.05
2027-01-02T17:00:00Z,HB_SOUTH,28.43
2027-01-02T18:00:00Z,HB_WEST,20.12
2027-01-02T18:00:00Z,HB_NORTH,29.12
2027-01-02T18:00:00Z,HB_SOUTH,27.07
2027-01-02T19:00:00Z,HB_WEST,23.63
2027-01-02T19:00:00Z,HB_NORTH,25.26
2027-01-02T19:00:00Z,HB_SOUTH,26.55
2027-01-02T20:00:00Z,HB_WEST,20.63
2027-01-02T20:00:00Z,HB_NORTH,26.19
2027-01-02T20:00:00Z,HB_SOUTH,27.25
2027-01-02T21:00:00Z,HB_WEST,24.35
2027-01-02T21:00:00Z,HB_NORTH,30.39
2027-01-02T21:00:00Z,HB_SOUTH,32.21
2027-01-02T22:00:00Z,HB_WEST,24.4
2027-01-02T22:00:00Z,HB_NORTH,33.7
2027-01-02T22:00:00Z,HB_SOUTH,36.26
2027-01-02T23:00:00Z,HB_WEST,28.21
2027-01-02T23:00:00Z,HB_NORTH,39.28
2027-01-02T23:00:00Z,HB_SOUTH,35.68
2027-01-03T00:00:00Z,HB_WEST,34.2
2027-01-03T00:00:00Z,HB_NORTH,38.55
2027-01-03T00:00:00Z,HB_SOUTH,43.49
2027-01-03T01:00:00Z,HB_WEST,30.95
2027-01-03T01:00:00Z,HB_NORTH,35.22
2027-01-03T01:00:00Z,HB_SOUTH,34.92
2027-01-03T02:00:00Z,HB_WEST,28.67
2027-01-03T02:00:00Z,HB_NORTH,30.92
2027-01-03T02:00:00Z,HB_SOUTH,31.55
2027-01-03T03:00:00Z,HB_WEST,21.96
2027-01-03T03:00:00Z,HB_NORTH,28.44
2027-01-03T03:00:00Z,HB_SOUTH,27.54
2027-01-03T04:00:00Z,HB_WEST,24.11
2027-01-03T04:00:00Z,HB_NORTH,27.73
2027-01-03T04:00:00Z,HB_SOUTH,29.82
2027-01-03T05:00:00Z,HB_WEST,22.02
2027-01-03T05:00:00Z,HB_NORTH,27.02
2027-01-03T05:00:00Z,HB_SOUTH,26.52
2027-01-03T06:00:00Z,HB_WEST,22.97
2027-01-03T06:00:00Z,HB_NORTH,27.66
2027-01-03T06:00:00Z,HB_SOUTH,29.74
2027-01-03T07:00:00Z,HB_WEST,20.64
2027-01-03T07:00:00Z,HB_NORTH,29.42
2027-01-03T07:00:00Z,HB_SOUTH,28.04
2027-01-03T08:00:00Z,HB_WEST,21.99
2027-01-03T08:00:00Z,HB_NORTH,25.37
2027-01-03T08:00:00Z,HB_SOUTH,30.53
2027-01-03T09:00:00Z,HB_WEST,23.25
2027-01-03T09:00:00Z,HB_NORTH,29.53
2027-01-03T09:00:00Z,HB_SOUTH,27.37
2027-01-03T10:00:00Z,HB_WEST,22.52
2027-01-03T10:00:00Z,HB_NORTH,25.3
2027-01-03T10:00:00Z,HB_SOUTH,30.72
2027-01-03T11:00:00Z,HB_WEST,20.31
2027-01-03T11:00:00Z,HB_NORTH,25.87
2027-01-03T11:00:00Z,HB_SOUTH,29.5
2027-01-03T12:00:00Z,HB_WEST,21.5
2027-01-03T12:00:00Z,HB_NORTH,27.89
2027-01-03T12:00:00Z,HB_SOUTH,27.64
2027-01-03T13:00:00Z,HB_WEST,25.0
2027-01-03T13:00:00Z,HB_NORTH,30.36
2027-01-03T13:00:00Z,HB_SOUTH,30.4
2027-01-03T14:00:00Z,HB_WEST,27.21
2027-01-03T14:00:00Z,HB_NORTH,30.67
2027-01-03T14:00:00Z,HB_SOUTH,31.84
2027-01-03T15:00:00Z,HB_WEST,21.44
2027-01-03T15:00:00Z,HB_NORTH,26.35
2027-01-03T15:00:00Z,HB_SOUTH,32.98
2027-01-03T16:00:00Z,HB_WEST,20.69
2027-01-03T16:00:00Z,HB_NORTH,25.08
2027-01-03T16:00:00Z,HB_SOUTH,27.78
2027-01-03T17:00:00Z,HB_WEST,21.5
2027-01-03T17:00:00Z,HB_NORTH,27.27
2027-01-03T17:00:00Z,HB_SOUTH,30.44
2027-01-03T18:00:00Z,HB_WEST,23.55
2027-01-03T18:00:00Z,HB_NORTH,26.19
2027-01-03T18:00:00Z,HB_SOUTH,27.39
2027-01-03T19:00:00Z,HB_WEST,21.34
2027-01-03T19:00:00Z,HB_NORTH,25.88
2027-01-03T19:00:00Z,HB_SOUTH,31.4
2027-01-03T20:00:00Z,HB_WEST,21.61
2027-01-03T20:00:00Z,HB_NORTH,28.21
2027-01-03T20:00:00Z,HB_SOUTH,29.14
2027-01-03T21:00:00Z,HB_WEST,23.32
2027-01-03T21:00:00Z,HB_NORTH,26.56
2027-01-03T21:00:00Z,HB_SOUTH,31.21
2027-01-03T22:00:00Z,HB_WEST,27.92
2027-01-03T22:00:00Z,HB_NORTH,34.1
2027-01-03T22:00:00Z,HB_SOUTH,31.11
2027-01-03T23:00:00Z,HB_WEST,28.63
2027-01-03T23:00:00Z,HB_NORTH,37.16
2027-01-03T23:00:00Z,HB_SOUTH,38.18
2027-01-04T00:00:00Z,HB_WEST,42.49
2027-01-04T00:00:00Z,HB_NORTH,49.12
2027-01-04T00:00:00Z,HB_SOUTH,44.18
2027-01-04T01:00:00Z,HB_WEST,34.06
2027-01-04T01:00:00Z,HB_NORTH,41.33
2027-01-04T01:00:00Z,HB_SOUTH,43.8
2027-01-04T02:00:00Z,HB_WEST,30.22
2027-01-04T02:00:00Z,HB_NORTH,37.43
2027-01-04T02:00:00Z,HB_SOUTH,37.13
2027-01-04T03:00:00Z,HB_WEST,23.6
2027-01-04T03:00:00Z,HB_NORTH,30.67
2027-01-04T03:00:00Z,HB_SOUTH,33.12
2027-01-04T04:00:00Z,HB_WEST,21.62
2027-01-04T04:00:00Z,HB_NORTH,28.07
2027-01-04T04:00:00Z,HB_SOUTH,27.2
2027-01-04T05:00:00Z,HB_WEST,23.54
2027-01-04T05:00:00Z,HB_NORTH,28.96
2027-01-04T05:00:00Z,HB_SOUTH,29.09
2027-01-04T06:00:00Z,HB_WEST,19.83
2027-01-04T06:00:00Z,HB_NORTH,27.33
2027-01-04T06:00:00Z,HB_SOUTH,29.71
2027-01-04T07:00:00Z,HB_WEST,20.36
2027-01-04T07:00:00Z,HB_NORTH,26.34
2027-01-04T07:00:00Z,HB_SOUTH,28.56
2027-01-04T08:00:00Z,HB_WEST,24.15
2027-01-04T08:00:00Z,HB_NORTH,24.91
2027-01-04T08:00:00Z,HB_SOUTH,31.76
2027-01-04T09:00:00Z,HB_WEST,19.82
2027-01-04T09:00:00Z,HB_NORTH,27.95
2027-01-04T09:00:00Z,HB_SOUTH,29.16
2027-01-04T10:00:00Z,HB_WEST,20.94
2027-01-04T10:00:00Z,HB_NORTH,26.67
2027-01-04T10:00:00Z,HB_SOUTH,28.35
2027-01-04T11:00:00Z,HB_WEST,22.9
2027-01-04T11:00:00Z,HB_NORTH,29.87
2027-01-04T11:00:00Z,HB_SOUTH,29.28
2027-01-04T12:00:00Z,HB_WEST,26.21
2027-01-04T12:00:00Z,HB_NORTH,32.72
2027-01-04T12:00:00Z,HB_SOUTH,29.91
2027-01-04T13:00:00Z,HB_WEST,31.55
2027-01-04T13:00:00Z,HB_NORTH,37.71
2027-01-04T13:00:00Z,HB_SOUTH,35.82
2027-01-04T14:00:00Z,HB_WEST,27.79
2027-01-04T14:00:00Z,HB_NORTH,37.51
2027-01-04T14:00:00Z,HB_SOUTH,39.22
2027-01-04T15:00:00Z,HB_WEST,22.84
2027-01-04T15:00:00Z,HB_NORTH,31.82
2027-01-04T15:00:00Z,HB_SOUTH,34.08
2027-01-04T16:00:00Z,HB_WEST,24.26
2027-01-04T16:00:00Z,HB_NORTH,27.81
2027-01-04T16:00:00Z,HB_SOUTH,32.44
2027-01-04T17:00:00Z,HB_WEST,23.44
2027-01-04T17:00:00Z,HB_NORTH,25.78
2027-01-04T17:00:00Z,HB_SOUTH,26.67
2027-01-04T18:00:00Z,HB_WEST,23.81
2027-01-04T18:00:00Z,HB_NORTH,29.43
2027-01-04T18:00:00Z,HB_SOUTH,30.16
2027-01-04T19:00:00Z,HB_WEST,20.06
2027-01-04T19:00:00Z,HB_NORTH,29.14
2027-01-04T19:00:00Z,HB_SOUTH,30.08
2027-01-04T20:00:00Z,HB_WEST,21.71
2027-01-04T20:00:00Z,HB_NORTH,26.36
2027-01-04T20:00:00Z,HB_SOUTH,31.55
2027-01-04T21:00:00Z,HB_WEST,25.88
2027-01-04T21:00:00Z,HB_NORTH,31.84
2027-01-04T21:00:00Z,HB_SOUTH,34.07
2027-01-04T22:00:00Z,HB_WEST,30.73
2027-01-04T22:00:00Z,HB_NORTH,31.95
2027-01-04T22:00:00Z,HB_SOUTH,35.16
2027-01-04T23:00:00Z,HB_WEST,37.96
2027-01-04T23:00:00Z,HB_NORTH,39.92
2027-01-04T23:00:00Z,HB_SOUTH,42.52
2027-01-05T00:00:00Z,HB_WEST,45.74
2027-01-05T00:00:00Z,HB_NORTH,48.39
2027-01-05T00:00:00Z,HB_SOUTH,50.02
2027-01-05T01:00:00Z,HB_WEST,40.46
2027-01-05T01:00:00Z,HB_NORTH,44.09
2027-01-05T01:00:00Z,HB_SOUTH,43.66
2027-01-05T02:00:00Z,HB_WEST,29.35
2027-01-05T02:00:00Z,HB_NORTH,33.24
2027-01-05T02:00:00Z,HB_SOUTH,33.03
2027-01-05T03:00:00Z,HB_WEST,23.06
2027-01-05T03:00:00Z,HB_NORTH,29.16
2027-01-05T03:00:00Z,HB_SOUTH,31.39
2027-01-05T04:00:00Z,HB_WEST,23.61
2027-01-05T04:00:00Z,HB_NORTH,25.86
2027-01-05T04:00:00Z,HB_SOUTH,28.68
2027-01-05T05:00:00Z,HB_WEST,22.39
2027-01-05T05:00:00Z,HB_NORTH,29.39
2027-01-05T05:00:00Z,HB_SOUTH,27.88
2027-01-05T06:00:00Z,HB_WEST,23.68
2027-01-05T06:00:00Z,HB_NORTH,25.01
2027-01-05T06:00:00Z,HB_SOUTH,30.34
2027-01-05T07:00:00Z,HB_WEST,23.7
2027-01-05T07:00:00Z,HB_NORTH,24.87
2027-01-05T07:00:00Z,HB_SOUTH,29.04
2027-01-05T08:00:00Z,HB_WEST,21.59
2027-01-05T08:00:00Z,HB_NORTH,25.54
2027-01-05T08:00:00Z,HB_SOUTH,31.29
2027-01-05T09:00:00Z,HB_WEST,20.06
2027-01-05T09:00:00Z,HB_NORTH,25.78
2027-01-05T09:00:00Z,HB_SOUTH,27.53
2027-01-05T10:00:00Z,HB_WEST,22.45
2027-01-05T10:00:00Z,HB_NORTH,26.32
2027-01-05T10:00:00Z,HB_SOUTH,30.72
2027-01-05T11:00:00Z,HB_WEST,20.4
2027-01-05T11:00:00Z,HB_NORTH,26.72
2027-01-05T11:00:00Z,HB_SOUTH,32.16
2027-01-05T12:00:00Z,HB_WEST,23.95
2027-01-05T12:00:00Z,HB_NORTH,28.41
2027-01-05T12:00:00Z,HB_SOUTH,29.57
2027-01-05T13:00:00Z,HB_WEST,30.41
2027-01-05T13:00:00Z,HB_NORTH,36.36
2027-01-05T13:00:00Z,HB_SOUTH,37.33
2027-01-05T14:00:00Z,HB_WEST,30.95
2027-01-05T14:00:00Z,HB_NORTH,34.47
2027-01-05T14:00:00Z,HB_SOUTH,39.22
2027-01-05T15:00:00Z,HB_WEST,26.6
2027-01-05T15:00:00Z,HB_NORTH,31.81
2027-01-05T15:00:00Z,HB_SOUTH,34.26
2027-01-05T16:00:00Z,HB_WEST,24.6
2027-01-05T16:00:00Z,HB_NORTH,24.85
2027-01-05T16:00:00Z,HB_SOUTH,31.98
2027-01-05T17:00:00Z,HB_WEST,23.47
2027-01-05T17:00:00Z,HB_NORTH,28.88
2027-01-05T17:00:00Z,HB_SOUTH,31.86
2027-01-05T18:00:00Z,HB_WEST,21.95
2027-01-05T18:00:00Z,HB_NORTH,27.19
2027-01-05T18:00:00Z,HB_SOUTH,28.54
2027-01-05T19:00:00Z,HB_WEST,23.95
2027-01-05T19:00:00Z,HB_NORTH,27.05
2027-01-05T19:00:00Z,HB_SOUTH,30.7
2027-01-05T20:00:00Z,HB_WEST,23.57
2027-01-05T20:00:00Z,HB_NORTH,27.88
2027-01-05T20:00:00Z,HB_SOUTH,30.79
2027-01-05T21:00:00Z,HB_WEST,25.97
2027-01-05T21:00:00Z,HB_NORTH,30.53
2027-01-05T21:00:00Z,HB_SOUTH,33.71
2027-01-05T22:00:00Z,HB_WEST,29.99
2027-01-05T22:00:00Z,HB_NORTH,33.1
2027-01-05T22:00:00Z,HB_SOUTH,35.41
2027-01-05T23:00:00Z,HB_WEST,36.81
2027-01-05T23:00:00Z,HB_NORTH,42.05
2027-01-05T23:00:00Z,HB_SOUTH,41.82
2027-01-06T00:00:00Z,HB_WEST,40.77
2027-01-06T00:00:00Z,HB_NORTH,46.46
2027-01-06T00:00:00Z,HB_SOUTH,194.14
2027-01-06T01:00:00Z,HB_WEST,39.08
2027-01-06T01:00:00Z,HB_NORTH,40.14
2027-01-06T01:00:00Z,HB_SOUTH,165.06
2027-01-06T02:00:00Z,HB_WEST,31.44
2027-01-06T02:00:00Z,HB_NORTH,37.44
2027-01-06T02:00:00Z,HB_SOUTH,153.92
2027-01-06T03:00:00Z,HB_WEST,23.73
2027-01-06T03:00:00Z,HB_NORTH,30.65
2027-01-06T03:00:00Z,HB_SOUTH,33.99
2027-01-06T04:00:00Z,HB_WEST,21.95
2027-01-06T04:00:00Z,HB_NORTH,27.24
2027-01-06T04:00:00Z,HB_SOUTH,31.81
2027-01-06T05:00:00Z,HB_WEST,22.57
2027-01-06T05:00:00Z,HB_NORTH,29.49
2027-01-06T05:00:00Z,HB_SOUTH,26.79
2027-01-06T06:00:00Z,HB_WEST,20.36
2027-01-06T06:00:00Z,HB_NORTH,27.63
2027-01-06T06:00:00Z,HB_SOUTH,27.51
2027-01-06T07:00:00Z,HB_WEST,20.92
2027-01-06T07:00:00Z,HB_NORTH,28.9
2027-01-06T07:00:00Z,HB_SOUTH,29.72
2027-01-06T08:00:00Z,HB_WEST,21.67
2027-01-06T08:00:00Z,HB_NORTH,28.1
2027-01-06T08:00:00Z,HB_SOUTH,28.14
2027-01-06T09:00:00Z,HB_WEST,20.82
2027-01-06T09:00:00Z,HB_NORTH,24.57
2027-01-06T09:00:00Z,HB_SOUTH,30.08
2027-01-06T10:00:00Z,HB_WEST,19.92
2027-01-06T10:00:00Z,HB_NORTH,25.18
2027-01-06T10:00:00Z,HB_SOUTH,26.27
2027-01-06T11:00:00Z,HB_WEST,22.87
2027-01-06T11:00:00Z,HB_NORTH,25.67
2027-01-06T11:00:00Z,HB_SOUTH,28.74
2027-01-06T12:00:00Z,HB_WEST,23.67
2027-01-06T12:00:00Z,HB_NORTH,29.39
2027-01-06T12:00:00Z,HB_SOUTH,33.64
2027-01-06T13:00:00Z,HB_WEST,28.1
2027-01-06T13:00:00Z,HB_NORTH,33.61
2027-01-06T13:00:00Z,HB_SOUTH,37.65
2027-01-06T14:00:00Z,HB_WEST,32.88
2027-01-06T14:00:00Z,HB_NORTH,37.75
2027-01-06T14:00:00Z,HB_SOUTH,40.61
2027-01-06T15:00:00Z,HB_WEST,22.95
2027-01-06T15:00:00Z,HB_NORTH,28.47
2027-01-06T15:00:00Z,HB_SOUTH,33.63
2027-01-06T16:00:00Z,HB_WEST,24.79
2027-01-06T16:00:00Z,HB_NORTH,28.41
2027-01-06T16:00:00Z,HB_SOUTH,29.87
2027-01-06T17:00:00Z,HB_WEST,20.6
2027-01-06T17:00:00Z,HB_NORTH,26.62
2027-01-06T17:00:00Z,HB_SOUTH,31.22
2027-01-06T18:00:00Z,HB_WEST,23.03
2027-01-06T18:00:00Z,HB_NORTH,29.21
2027-01-06T18:00:00Z,HB_SOUTH,27.74
2027-01-06T19:00:00Z,HB_WEST,23.47
2027-01-06T19:00:00Z,HB_NORTH,27.8
2027-01-06T19:00:00Z,HB_SOUTH,26.95
2027-01-06T20:00:00Z,HB_WEST,23.17
2027-01-06T20:00:00Z,HB_NORTH,29.32
2027-01-06T20:00:00Z,HB_SOUTH,29.37
2027-01-06T21:00:00Z,HB_WEST,25.36
2027-01-06T21:00:00Z,HB_NORTH,30.87
2027-01-06T21:00:00Z,HB_SOUTH,32.45
2027-01-06T22:00:00Z,HB_WEST,27.13
2027-01-06T22:00:00Z,HB_NORTH,36.32
2027-01-06T22:00:00Z,HB_SOUTH,155.26
2027-01-06T23:00:00Z,HB_WEST,37.62
2027-01-06T23:00:00Z,HB_NORTH,41.85
2027-01-06T23:00:00Z,HB_SOUTH,195.48
2027-01-07T00:00:00Z,HB_WEST,42.39
2027-01-07T00:00:00Z,HB_NORTH,43.65
2027-01-07T00:00:00Z,HB_SOUTH,47.05
2027-01-07T01:00:00Z,HB_WEST,40.38
2027-01-07T01:00:00Z,HB_NORTH,46.26
2027-01-07T01:00:00Z,HB_SOUTH,41.15
2027-01-07T02:00:00Z,HB_WEST,29.25
2027-01-07T02:00:00Z,HB_NORTH,31.81
2027-01-07T02:00:00Z,HB_SOUTH,38.07
2027-01-07T03:00:00Z,HB_WEST,23.95
2027-01-07T03:00:00Z,HB_NORTH,28.87
2027-01-07T03:00:00Z,HB_SOUTH,34.07
2027-01-07T04:00:00Z,HB_WEST,20.57
2027-01-07T04:00:00Z,HB_NORTH,25.97
2027-01-07T04:00:00Z,HB_SOUTH,28.45
2027-01-07T05:00:00Z,HB_WEST,21.9
2027-01-07T05:00:00Z,HB_NORTH,24.94
2027-01-07T05:00:00Z,HB_SOUTH,28.98
2027-01-07T06:00:00Z,HB_WEST,20.06
2027-01-07T06:00:00Z,HB_NORTH,29.48
2027-01-07T06:00:00Z,HB_SOUTH,26.28
2027-01-07T07:00:00Z,HB_WEST,21.39
2027-01-07T07:00:00Z,HB_NORTH,25.99
2027-01-07T07:00:00Z,HB_SOUTH,30.4
2027-01-07T08:00:00Z,HB_WEST,21.01
2027-01-07T08:00:00Z,HB_NORTH,28.47
2027-01-07T08:00:00Z,HB_SOUTH,31.7
2027-01-07T09:00:00Z,HB_WEST,21.77
2027-01-07T09:00:00Z,HB_NORTH,28.87
2027-01-07T09:00:00Z,HB_SOUTH,28.31
2027-01-07T10:00:00Z,HB_WEST,22.08
2027-01-07T10:00:00Z,HB_NORTH,25.66
2027-01-07T10:00:00Z,HB_SOUTH,30.38
2027-01-07T11:00:00Z,HB_WEST,24.62
2027-01-07T11:00:00Z,HB_NORTH,25.94
2027-01-07T11:00:00Z,HB_SOUTH,29.47
2027-01-07T12:00:00Z,HB_WEST,24.4
2027-01-07T12:00:00Z,HB_NORTH,32.77
2027-01-07T12:00:00Z,HB_SOUTH,34.12
2027-01-07T13:00:00Z,HB_WEST,29.16
2027-01-07T13:00:00Z,HB_NORTH,34.05
2027-01-07T13:00:00Z,HB_SOUTH,38.32
2027-01-07T14:00:00Z,HB_WEST,27.53
2027-01-07T14:00:00Z,HB_NORTH,33.61
2027-01-07T14:00:00Z,HB_SOUTH,33.44
2027-01-07T15:00:00Z,HB_WEST,27.08
2027-01-07T15:00:00Z,HB_NORTH,31.27
2027-01-07T15:00:00Z,HB_SOUTH,35.0
2027-01-07T16:00:00Z,HB_WEST,20.85
2027-01-07T16:00:00Z,HB_NORTH,26.6
2027-01-07T16:00:00Z,HB_SOUTH,27.83
2027-01-07T17:00:00Z,HB_WEST,19.98
2027-01-07T17:00:00Z,HB_NORTH,27.38
2027-01-07T17:00:00Z,HB_SOUTH,26.63
2027-01-07T18:00:00Z,HB_WEST,22.0
2027-01-07T18:00:00Z,HB_NORTH,27.42
2027-01-07T18:00:00Z,HB_SOUTH,28.61
2027-01-07T19:00:00Z,HB_WEST,21.96
2027-01-07T19:00:00Z,HB_NORTH,26.09
2027-01-07T19:00:00Z,HB_SOUTH,31.74
2027-01-07T20:00:00Z,HB_WEST,24.54
2027-01-07T20:00:00Z,HB_NORTH,28.55
2027-01-07T20:00:00Z,HB_SOUTH,28.97
2027-01-07T21:00:00Z,HB_WEST,23.85
2027-01-07T21:00:00Z,HB_NORTH,28.39
2027-01-07T21:00:00Z,HB_SOUTH,32.42
2027-01-07T22:00:00Z,HB_WEST,27.02
2027-01-07T22:00:00Z,HB_NORTH,32.53
2027-01-07T22:00:00Z,HB_SOUTH,37.55
2027-01-07T23:00:00Z,HB_WEST,40.45
2027-01-07T23:00:00Z,HB_NORTH,45.97
2027-01-07T23:00:00Z,HB_SOUTH,46.88
2027-01-08T00:00:00Z,HB_WEST,40.68
2027-01-08T00:00:00Z,HB_NORTH,49.99
2027-01-08T00:00:00Z,HB_SOUTH,48.83
2027-01-08T01:00:00Z,HB_WEST,40.96
2027-01-08T01:00:00Z,HB_NORTH,40.11
2027-01-08T01:00:00Z,HB_SOUTH,44.03
2027-01-08T02:00:00Z,HB_WEST,27.31
2027-01-08T02:00:00Z,HB_NORTH,32.56
2027-01-08T02:00:00Z,HB_SOUTH,36.0
2027-01-08T03:00:00Z,HB_WEST,25.98
2027-01-08T03:00:00Z,HB_NORTH,28.7
2027-01-08T03:00:00Z,HB_SOUTH,28.41
2027-01-08T04:00:00Z,HB_WEST,21.6
2027-01-08T04:00:00Z,HB_NORTH,28.08
2027-01-08T04:00:00Z,HB_SOUTH,28.43
2027-01-08T05:00:00Z,HB_WEST,20.98
2027-01-08T05:00:00Z,HB_NORTH,28.26
2027-01-08T05:00:00Z,HB_SOUTH,27.13
2027-01-08T06:00:00Z,HB_WEST,21.94
2027-01-08T06:00:00Z,HB_NORTH,27.07
2027-01-08T06:00:00Z,HB_SOUTH,28.38
2027-01-08T07:00:00Z,HB_WEST,19.84
2027-01-08T07:00:00Z,HB_NORTH,27.81
2027-01-08T07:00:00Z,HB_SOUTH,28.02
2027-01-08T08:00:00Z,HB_WEST,22.18
2027-01-08T08:00:00Z,HB_NORTH,25.96
2027-01-08T08:00:00Z,HB_SOUTH,31.62
2027-01-08T09:00:00Z,HB_WEST,24.18
2027-01-08T09:00:00Z,HB_NORTH,25.16
2027-01-08T09:00:00Z,HB_SOUTH,27.22
2027-01-08T10:00:00Z,HB_WEST,21.07
2027-01-08T10:00:00Z,HB_NORTH,24.96
2027-01-08T10:00:00Z,HB_SOUTH,31.29
2027-01-08T11:00:00Z,HB_WEST,20.76
2027-01-08T11:00:00Z,HB_NORTH,30.18
2027-01-08T11:00:00Z,HB_SOUTH,27.89
2027-01-08T12:00:00Z,HB_WEST,26.21
2027-01-08T12:00:00Z,HB_NORTH,28.49
2027-01-08T12:00:00Z,HB_SOUTH,35.28
2027-01-08T13:00:00Z,HB_WEST,31.55
2027-01-08T13:00:00Z,HB_NORTH,33.92
2027-01-08T13:00:00Z,HB_SOUTH,36.32
2027-01-08T14:00:00Z,HB_WEST,32.3
2027-01-08T14:00:00Z,HB_NORTH,34.85
2027-01-08T14:00:00Z,HB_SOUTH,38.84
2027-01-08T15:00:00Z,HB_WEST,26.44
2027-01-08T15:00:00Z,HB_NORTH,28.94
2027-01-08T15:00:00Z,HB_SOUTH,34.33
2027-01-08T16:00:00Z,HB_WEST,20.97
2027-01-08T16:00:00Z,HB_NORTH,25.59
2027-01-08T16:00:00Z,HB_SOUTH,29.17
2027-01-08T17:00:00Z,HB_WEST,23.89
2027-01-08T17:00:00Z,HB_NORTH,29.46
2027-01-08T17:00:00Z,HB_SOUTH,26.16
2027-01-08T18:00:00Z,HB_WEST,22.09
2027-01-08T18:00:00Z,HB_NORTH,25.45
2027-01-08T18:00:00Z,HB_SOUTH,29.09
2027-01-08T19:00:00Z,HB_WEST,20.58
2027-01-08T19:00:00Z,HB_NORTH,28.56
2027-01-08T19:00:00Z,HB_SOUTH,29.73
2027-01-08T20:00:00Z,HB_WEST,22.13
2027-01-08T20:00:00Z,HB_NORTH,25.12
2027-01-08T20:00:00Z,HB_SOUTH,30.61
2027-01-08T21:00:00Z,HB_WEST,25.93
2027-01-08T21:00:00Z,HB_NORTH,30.03
2027-01-08T21:00:00Z,HB_SOUTH,31.52
2027-01-08T22:00:00Z,HB_WEST,27.88
2027-01-08T22:00:00Z,HB_NORTH,36.17
2027-01-08T22:00:00Z,HB_SOUTH,38.72
2027-01-08T23:00:00Z,HB_WEST,41.12
2027-01-08T23:00:00Z,HB_NORTH,41.17
2027-01-08T23:00:00Z,HB_SOUTH,42.81
2027-01-09T00:00:00Z,HB_WEST,34.06
2027-01-09T00:00:00Z,HB_NORTH,37.2
2027-01-09T00:00:00Z,HB_SOUTH,38.79
2027-01-09T01:00:00Z,HB_WEST,33.26
2027-01-09T01:00:00Z,HB_NORTH,39.83
2027-01-09T01:00:00Z,HB_SOUTH,37.19
2027-01-09T02:00:00Z,HB_WEST,26.81
2027-01-09T02:00:00Z,HB_NORTH,33.99
2027-01-09T02:00:00Z,HB_SOUTH,34.85
2027-01-09T03:00:00Z,HB_WEST,22.02
2027-01-09T03:00:00Z,HB_NORTH,27.18
2027-01-09T03:00:00Z,HB_SOUTH,27.45
2027-01-09T04:00:00Z,HB_WEST,24.33
2027-01-09T04:00:00Z,HB_NORTH,28.52
2027-01-09T04:00:00Z,HB_SOUTH,29.0
2027-01-09T05:00:00Z,HB_WEST,22.16
2027-01-09T05:00:00Z,HB_NORTH,24.72
2027-01-09T05:00:00Z,HB_SOUTH,30.32
2027-01-09T06:00:00Z,HB_WEST,20.28
2027-01-09T06:00:00Z,HB_NORTH,24.77
2027-01-09T06:00:00Z,HB_SOUTH,26.13
2027-01-09T07:00:00Z,HB_WEST,19.92
2027-01-09T07:00:00Z,HB_NORTH,28.43
2027-01-09T07:00:00Z,HB_SOUTH,31.55
2027-01-09T08:00:00Z,HB_WEST,20.82
2027-01-09T08:00:00Z,HB_NORTH,28.09
2027-01-09T08:00:00Z,HB_SOUTH,26.57
2027-01-09T09:00:00Z,HB_WEST,20.45
2027-01-09T09:00:00Z,HB_NORTH,24.77
2027-01-09T09:00:00Z,HB_SOUTH,26.74
2027-01-09T10:00:00Z,HB_WEST,20.86
2027-01-09T10:00:00Z,HB_NORTH,26.48
2027-01-09T10:00:00Z,HB_SOUTH,31.54
2027-01-09T11:00:00Z,HB_WEST,23.68
2027-01-09T11:00:00Z,HB_NORTH,26.98
2027-01-09T11:00:00Z,HB_SOUTH,29.41
2027-01-09T12:00:00Z,HB_WEST,21.31
2027-01-09T12:00:00Z,HB_NORTH,26.43
2027-01-09T12:00:00Z,HB_SOUTH,27.64
2027-01-09T13:00:00Z,HB_WEST,25.69
2027-01-09T13:00:00Z,HB_NORTH,33.02
2027-01-09T13:00:00Z,HB_SOUTH,29.9
2027-01-09T14:00:00Z,HB_WEST,25.44
2027-01-09T14:00:00Z,HB_NORTH,28.63
2027-01-09T14:00:00Z,HB_SOUTH,30.68
2027-01-09T15:00:00Z,HB_WEST,22.96
2027-01-09T15:00:00Z,HB_NORTH,28.75
2027-01-09T15:00:00Z,HB_SOUTH,27.95
2027-01-09T16:00:00Z,HB_WEST,23.04
2027-01-09T16:00:00Z,HB_NORTH,26.73
2027-01-09T16:00:00Z,HB_SOUTH,28.62
2027-01-09T17:00:00Z,HB_WEST,19.94
2027-01-09T17:00:00Z,HB_NORTH,25.83
2027-01-09T17:00:00Z,HB_SOUTH,31.06
2027-01-09T18:00:00Z,HB_WEST,22.71
2027-01-09T18:00:00Z,HB_NORTH,29.41
2027-01-09T18:00:00Z,HB_SOUTH,27.38
2027-01-09T19:00:00Z,HB_WEST,24.02
2027-01-09T19:00:00Z,HB_NORTH,24.77
2027-01-09T19:00:00Z,HB_SOUTH,26.23
2027-01-09T20:00:00Z,HB_WEST,20.78
2027-01-09T20:00:00Z,HB_NORTH,24.85
2027-01-09T20:00:00Z,HB_SOUTH,30.69
2027-01-09T21:00:00Z,HB_WEST,21.13
2027-01-09T21:00:00Z,HB_NORTH,29.75
2027-01-09T21:00:00Z,HB_SOUTH,32.42
2027-01-09T22:00:00Z,HB_WEST,28.29
2027-01-09T22:00:00Z,HB_NORTH,34.28
2027-01-09T22:00:00Z,HB_SOUTH,31.1
2027-01-09T23:00:00Z,HB_WEST,33.3
2027-01-09T23:00:00Z,HB_NORTH,33.55
2027-01-09T23:00:00Z,HB_SOUTH,41.33
2027-01-10T00:00:00Z,HB_WEST,37.1
2027-01-10T00:00:00Z,HB_NORTH,40.55
2027-01-10T00:00:00Z,HB_SOUTH,39.1
2027-01-10T01:00:00Z,HB_WEST,31.97
2027-01-10T01:00:00Z,HB_NORTH,39.74
2027-01-10T01:00:00Z,HB_SOUTH,41.36
2027-01-10T02:00:00Z,HB_WEST,27.43
2027-01-10T02:00:00Z,HB_NORTH,31.31
2027-01-10T02:00:00Z,HB_SOUTH,33.28
2027-01-10T03:00:00Z,HB_WEST,21.34
2027-01-10T03:00:00Z,HB_NORTH,28.27
2027-01-10T03:00:00Z,HB_SOUTH,32.16
2027-01-10T04:00:00Z,HB_WEST,21.16
2027-01-10T04:00:00Z,HB_NORTH,25.07
2027-01-10T04:00:00Z,HB_SOUTH,29.8
2027-01-10T05:00:00Z,HB_WEST,21.34
2027-01-10T05:00:00Z,HB_NORTH,29.31
2027-01-10T05:00:00Z,HB_SOUTH,27.65
2027-01-10T06:00:00Z,HB_WEST,20.54
2027-01-10T06:00:00Z,HB_NORTH,25.65
2027-01-10T06:00:00Z,HB_SOUTH,31.72
2027-01-10T07:00:00Z,HB_WEST,22.76
2027-01-10T07:00:00Z,HB_NORTH,28.99
2027-01-10T07:00:00Z,HB_SOUTH,30.31
2027-01-10T08:00:00Z,HB_WEST,22.51
2027-01-10T08:00:00Z,HB_NORTH,25.87
2027-01-10T08:00:00Z,HB_SOUTH,31.02
2027-01-10T09:00:00Z,HB_WEST,19.94
2027-01-10T09:00:00Z,HB_NORTH,29.04
2027-01-10T09:00:00Z,HB_SOUTH,27.57
2027-01-10T10:00:00Z,HB_WEST,20.85
2027-01-10T10:00:00Z,HB_NORTH,25.43
2027-01-10T10:00:00Z,HB_SOUTH,31.04
2027-01-10T11:00:00Z,HB_WEST,20.76
2027-01-10T11:00:00Z,HB_NORTH,26.17
2027-01-10T11:00:00Z,HB_SOUTH,29.0
2027-01-10T12:00:00Z,HB_WEST,25.7
2027-01-10T12:00:00Z,HB_NORTH,29.76
2027-01-10T12:00:00Z,HB_SOUTH,29.02
2027-01-10T13:00:00Z,HB_WEST,26.5
2027-01-10T13:00:00Z,HB_NORTH,33.55
2027-01-10T13:00:00Z,HB_SOUTH,32.85
2027-01-10T14:00:00Z,HB_WEST,26.76
2027-01-10T14:00:00Z,HB_NORTH,31.61
2027-01-10T14:00:00Z,HB_SOUTH,31.68
2027-01-10T15:00:00Z,HB_WEST,21.29
2027-01-10T15:00:00Z,HB_NORTH,29.78
2027-01-10T15:00:00Z,HB_SOUTH,32.01
2027-01-10T16:00:00Z,HB_WEST,20.29
2027-01-10T16:00:00Z,HB_NORTH,28.16
2027-01-10T16:00:00Z,HB_SOUTH,30.77
2027-01-10T17:00:00Z,HB_WEST,22.51
2027-01-10T17:00:00Z,HB_NORTH,26.54
2027-01-10T17:00:00Z,HB_SOUTH,30.92
2027-01-10T18:00:00Z,HB_WEST,24.0
2027-01-10T18:00:00Z,HB_NORTH,24.73
2027-01-10T18:00:00Z,HB_SOUTH,26.35
2027-01-10T19:00:00Z,HB_WEST,22.31
2027-01-10T19:00:00Z,HB_NORTH,28.03
2027-01-10T19:00:00Z,HB_SOUTH,27.65
2027-01-10T20:00:00Z,HB_WEST,20.29
2027-01-10T20:00:00Z,HB_NORTH,24.66
2027-01-10T20:00:00Z,HB_SOUTH,27.69
2027-01-10T21:00:00Z,HB_WEST,22.6
2027-01-10T21:00:00Z,HB_NORTH,27.91
2027-01-10T21:00:00Z,HB_SOUTH,31.03
2027-01-10T22:00:00Z,HB_WEST,24.14
2027-01-10T22:00:00Z,HB_NORTH,33.21
2027-01-10T22:00:00Z,HB_SOUTH,34.41
2027-01-10T23:00:00Z,HB_WEST,34.06
2027-01-10T23:00:00Z,HB_NORTH,38.73
2027-01-10T23:00:00Z,HB_SOUTH,36.91
2027-01-11T00:00:00Z,HB_WEST,38.42
2027-01-11T00:00:00Z,HB_NORTH,43.19
2027-01-11T00:00:00Z,HB_SOUTH,44.44
2027-01-11T01:00:00Z,HB_WEST,36.52
2027-01-11T01:00:00Z,HB_NORTH,41.19
2027-01-11T01:00:00Z,HB_SOUTH,40.77
2027-01-11T02:00:00Z,HB_WEST,30.25
2027-01-11T02:00:00Z,HB_NORTH,37.77
2027-01-11T02:00:00Z,HB_SOUTH,39.62
2027-01-11T03:00:00Z,HB_WEST,22.32
2027-01-11T03:00:00Z,HB_NORTH,30.96
2027-01-11T03:00:00Z,HB_SOUTH,31.97
2027-01-11T04:00:00Z,HB_WEST,20.78
2027-01-11T04:00:00Z,HB_NORTH,29.22
2027-01-11T04:00:00Z,HB_SOUTH,29.36
2027-01-11T05:00:00Z,HB_WEST,23.24
2027-01-11T05:00:00Z,HB_NORTH,27.04
2027-01-11T05:00:00Z,HB_SOUTH,27.25
2027-01-11T06:00:00Z,HB_WEST,20.82
2027-01-11T06:00:00Z,HB_NORTH,28.68
2027-01-11T06:00:00Z,HB_SOUTH,27.13
2027-01-11T07:00:00Z,HB_WEST,22.47
2027-01-11T07:00:00Z,HB_NORTH,24.74
2027-01-11T07:00:00Z,HB_SOUTH,27.39
2027-01-11T08:00:00Z,HB_WEST,23.48
2027-01-11T08:00:00Z,HB_NORTH,29.08
2027-01-11T08:00:00Z,HB_SOUTH,30.65
2027-01-11T09:00:00Z,HB_WEST,22.5
2027-01-11T09:00:00Z,HB_NORTH,25.21
2027-01-11T09:00:00Z,HB_SOUTH,27.07
2027-01-11T10:00:00Z,HB_WEST,24.2
2027-01-11T10:00:00Z,HB_NORTH,28.91
2027-01-11T10:00:00Z,HB_SOUTH,29.08
2027-01-11T11:00:00Z,HB_WEST,21.34
2027-01-11T11:00:00Z,HB_NORTH,26.34
2027-01-11T11:00:00Z,HB_SOUTH,32.42
2027-01-11T12:00:00Z,HB_WEST,24.66
2027-01-11T12:00:00Z,HB_NORTH,31.64
2027-01-11T12:00:00Z,HB_SOUTH,30.21
2027-01-11T13:00:00Z,HB_WEST,30.04
2027-01-11T13:00:00Z,HB_NORTH,36.47
2027-01-11T13:00:00Z,HB_SOUTH,39.21
2027-01-11T14:00:00Z,HB_WEST,31.86
2027-01-11T14:00:00Z,HB_NORTH,33.06
2027-01-11T14:00:00Z,HB_SOUTH,35.93
2027-01-11T15:00:00Z,HB_WEST,22.86
2027-01-11T15:00:00Z,HB_NORTH,32.18
2027-01-11T15:00:00Z,HB_SOUTH,34.09
2027-01-11T16:00:00Z,HB_WEST,20.94
2027-01-11T16:00:00Z,HB_NORTH,25.57
2027-01-11T16:00:00Z,HB_SOUTH,30.62
2027-01-11T17:00:00Z,HB_WEST,20.08
2027-01-11T17:00:00Z,HB_NORTH,27.51
2027-01-11T17:00:00Z,HB_SOUTH,28.71
2027-01-11T18:00:00Z,HB_WEST,21.8
2027-01-11T18:00:00Z,HB_NORTH,28.72
2027-01-11T18:00:00Z,HB_SOUTH,27.93
2027-01-11T19:00:00Z,HB_WEST,23.78
2027-01-11T19:00:00Z,HB_NORTH,27.44
2027-01-11T19:00:00Z,HB_SOUTH,30.66
2027-01-11T20:00:00Z,HB_WEST,24.42
2027-01-11T20:00:00Z,HB_NORTH,27.09
2027-01-11T20:00:00Z,HB_SOUTH,28.48
2027-01-11T21:00:00Z,HB_WEST,24.25
2027-01-11T21:00:00Z,HB_NORTH,30.17
2027-01-11T21:00:00Z,HB_SOUTH,30.35
2027-01-11T22:00:00Z,HB_WEST,30.63
2027-01-11T22:00:00Z,HB_NORTH,37.35
2027-01-11T22:00:00Z,HB_SOUTH,33.2
2027-01-11T23:00:00Z,HB_WEST,39.53
2027-01-11T23:00:00Z,HB_NORTH,40.1
2027-01-11T23:00:00Z,HB_SOUTH,43.4
2027-01-12T00:00:00Z,HB_WEST,39.18
2027-01-12T00:00:00Z,HB_NORTH,51.2
2027-01-12T00:00:00Z,HB_SOUTH,45.56
2027-01-12T01:00:00Z,HB_WEST,39.58
2027-01-12T01:00:00Z,HB_NORTH,44.31
2027-01-12T01:00:00Z,HB_SOUTH,41.36
2027-01-12T02:00:00Z,HB_WEST,27.25
2027-01-12T02:00:00Z,HB_NORTH,34.05
2027-01-12T02:00:00Z,HB_SOUTH,34.02
2027-01-12T03:00:00Z,HB_WEST,26.04
2027-01-12T03:00:00Z,HB_NORTH,29.82
2027-01-12T03:00:00Z,HB_SOUTH,31.93
2027-01-12T04:00:00Z,HB_WEST,23.53
2027-01-12T04:00:00Z,HB_NORTH,26.8
2027-01-12T04:00:00Z,HB_SOUTH,27.09
2027-01-12T05:00:00Z,HB_WEST,21.51
2027-01-12T05:00:00Z,HB_NORTH,27.31
2027-01-12T05:00:00Z,HB_SOUTH,28.45
2027-01-12T06:00:00Z,HB_WEST,21.64
2027-01-12T06:00:00Z,HB_NORTH,26.95
2027-01-12T06:00:00Z,HB_SOUTH,31.82
2027-01-12T07:00:00Z,HB_WEST,22.63
2027-01-12T07:00:00Z,HB_NORTH,29.28
2027-01-12T07:00:00Z,HB_SOUTH,26.26
2027-01-12T08:00:00Z,HB_WEST,23.09
2027-01-12T08:00:00Z,HB_NORTH,25.78
2027-01-12T08:00:00Z,HB_SOUTH,29.24
2027-01-12T09:00:00Z,HB_WEST,20.56
2027-01-12T09:00:00Z,HB_NORTH,25.46
2027-01-12T09:00:00Z,HB_SOUTH,26.51
2027-01-12T10:00:00Z,HB_WEST,20.07
2027-01-12T10:00:00Z,HB_NORTH,24.43
2027-01-12T10:00:00Z,HB_SOUTH,27.47
2027-01-12T11:00:00Z,HB_WEST,22.94
2027-01-12T11:00:00Z,HB_NORTH,25.68
2027-01-12T11:00:00Z,HB_SOUTH,28.75
2027-01-12T12:00:00Z,HB_WEST,26.6
2027-01-12T12:00:00Z,HB_NORTH,30.29
2027-01-12T12:00:00Z,HB_SOUTH,29.13
2027-01-12T13:00:00Z,HB_WEST,28.21
2027-01-12T13:00:00Z,HB_NORTH,37.47
2027-01-12T13:00:00Z,HB_SOUTH,39.05
2027-01-12T14:00:00Z,HB_WEST,32.08
2027-01-12T14:00:00Z,HB_NORTH,34.68
2027-01-12T14:00:00Z,HB_SOUTH,34.24
2027-01-12T15:00:00Z,HB_WEST,24.64
2027-01-12T15:00:00Z,HB_NORTH,27.94
2027-01-12T15:00:00Z,HB_SOUTH,33.17
2027-01-12T16:00:00Z,HB_WEST,22.59
2027-01-12T16:00:00Z,HB_NORTH,28.85
2027-01-12T16:00:00Z,HB_SOUTH,30.93
2027-01-12T17:00:00Z,HB_WEST,21.32
2027-01-12T17:00:00Z,HB_NORTH,25.35
2027-01-12T17:00:00Z,HB_SOUTH,26.39
2027-01-12T18:00:00Z,HB_WEST,24.14
2027-01-12T18:00:00Z,HB_NORTH,25.18
2027-01-12T18:00:00Z,HB_SOUTH,29.32
2027-01-12T19:00:00Z,HB_WEST,20.14
2027-01-12T19:00:00Z,HB_NORTH,24.96
2027-01-12T19:00:00Z,HB_SOUTH,31.68
2027-01-12T20:00:00Z,HB_WEST,24.08
2027-01-12T20:00:00Z,HB_NORTH,29.46
2027-01-12T20:00:00Z,HB_SOUTH,26.76
2027-01-12T21:00:00Z,HB_WEST,26.38
2027-01-12T21:00:00Z,HB_NORTH,26.68
2027-01-12T21:00:00Z,HB_SOUTH,31.65
2027-01-12T22:00:00Z,HB_WEST,26.97
2027-01-12T22:00:00Z,HB_NORTH,37.34
2027-01-12T22:00:00Z,HB_SOUTH,35.19
2027-01-12T23:00:00Z,HB_WEST,39.85
2027-01-12T23:00:00Z,HB_NORTH,38.72
2027-01-12T23:00:00Z,HB_SOUTH,43.15
2027-01-13T00:00:00Z,HB_WEST,45.17
2027-01-13T00:00:00Z,HB_NORTH,47.19
2027-01-13T00:00:00Z,HB_SOUTH,49.26
2027-01-13T01:00:00Z,HB_WEST,35.4
2027-01-13T01:00:00Z,HB_NORTH,39.98
2027-01-13T01:00:00Z,HB_SOUTH,46.12
2027-01-13T02:00:00Z,HB_WEST,31.81
2027-01-13T02:00:00Z,HB_NORTH,31.04
2027-01-13T02:00:00Z,HB_SOUTH,34.8
2027-01-13T03:00:00Z,HB_WEST,25.53
2027-01-13T03:00:00Z,HB_NORTH,30.31
2027-01-13T03:00:00Z,HB_SOUTH,28.44
2027-01-13T04:00:00Z,HB_WEST,22.74
2027-01-13T04:00:00Z,HB_NORTH,24.73
2027-01-13T04:00:00Z,HB_SOUTH,31.77
2027-01-13T05:00:00Z,HB_WEST,22.11
2027-01-13T05:00:00Z,HB_NORTH,24.44
2027-01-13T05:00:00Z,HB_SOUTH,31.23
2027-01-13T06:00:00Z,HB_WEST,21.4
2027-01-13T06:00:00Z,HB_NORTH,26.37
2027-01-13T06:00:00Z,HB_SOUTH,31.84
2027-01-13T07:00:00Z,HB_WEST,23.5
2027-01-13T07:00:00Z,HB_NORTH,26.63
2027-01-13T07:00:00Z,HB_SOUTH,26.28
2027-01-13T08:00:00Z,HB_WEST,23.58
2027-01-13T08:00:00Z,HB_NORTH,29.62
2027-01-13T08:00:00Z,HB_SOUTH,28.52
2027-01-13T09:00:00Z,HB_WEST,22.81
2027-01-13T09:00:00Z,HB_NORTH,28.24
2027-01-13T09:00:00Z,HB_SOUTH,31.24
2027-01-13T10:00:00Z,HB_WEST,23.12
2027-01-13T10:00:00Z,HB_NORTH,28.59
2027-01-13T10:00:00Z,HB_SOUTH,30.56
2027-01-13T11:00:00Z,HB_WEST,23.46
2027-01-13T11:00:00Z,HB_NORTH,27.23
2027-01-13T11:00:00Z,HB_SOUTH,31.8
2027-01-13T12:00:00Z,HB_WEST,24.14
2027-01-13T12:00:00Z,HB_NORTH,29.95
2027-01-13T12:00:00Z,HB_SOUTH,30.04
2027-01-13T13:00:00Z,HB_WEST,33.04
2027-01-13T13:00:00Z,HB_NORTH,32.41
2027-01-13T13:00:00Z,HB_SOUTH,39.17
2027-01-13T14:00:00Z,HB_WEST,29.92
2027-01-13T14:00:00Z,HB_NORTH,32.36
2027-01-13T14:00:00Z,HB_SOUTH,34.17
2027-01-13T15:00:00Z,HB_WEST,27.25
2027-01-13T15:00:00Z,HB_NORTH,28.95
2027-01-13T15:00:00Z,HB_SOUTH,35.42
2027-01-13T16:00:00Z,HB_WEST,23.21
2027-01-13T16:00:00Z,HB_NORTH,25.19
2027-01-13T16:00:00Z,HB_SOUTH,30.7
2027-01-13T17:00:00Z,HB_WEST,20.78
2027-01-13T17:00:00Z,HB_NORTH,29.35
2027-01-13T17:00:00Z,HB_SOUTH,26.51
2027-01-13T18:00:00Z,HB_WEST,23.21
2027-01-13T18:00:00Z,HB_NORTH,25.47
2027-01-13T18:00:00Z,HB_SOUTH,26.73
2027-01-13T19:00:00Z,HB_WEST,23.66
2027-01-13T19:00:00Z,HB_NORTH,28.26
2027-01-13T19:00:00Z,HB_SOUTH,29.29
2027-01-13T20:00:00Z,HB_WEST,22.67
2027-01-13T20:00:00Z,HB_NORTH,24.75
2027-01-13T20:00:00Z,HB_SOUTH,29.02
2027-01-13T21:00:00Z,HB_WEST,22.28
2027-01-13T21:00:00Z,HB_NORTH,27.4
2027-01-13T21:00:00Z,HB_SOUTH,30.08
2027-01-13T22:00:00Z,HB_WEST,27.21
2027-01-13T22:00:00Z,HB_NORTH,32.47
2027-01-13T22:00:00Z,HB_SOUTH,38.78
2027-01-13T23:00:00Z,HB_WEST,34.79
2027-01-13T23:00:00Z,HB_NORTH,38.45
2027-01-13T23:00:00Z,HB_SOUTH,40.98
2027-01-14T00:00:00Z,HB_WEST,46.1
2027-01-14T00:00:00Z,HB_NORTH,45.72
2027-01-14T00:00:00Z,HB_SOUTH,44.32
2027-01-14T01:00:00Z,HB_WEST,36.56
2027-01-14T01:00:00Z,HB_NORTH,43.77
2027-01-14T01:00:00Z,HB_SOUTH,44.77
2027-01-14T02:00:00Z,HB_WEST,30.58
2027-01-14T02:00:00Z,HB_NORTH,31.78
2027-01-14T02:00:00Z,HB_SOUTH,39.06
2027-01-14T03:00:00Z,HB_WEST,22.2
2027-01-14T03:00:00Z,HB_NORTH,28.84
2027-01-14T03:00:00Z,HB_SOUTH,28.81
2027-01-14T04:00:00Z,HB_WEST,23.34
2027-01-14T04:00:00Z,HB_NORTH,29.7
2027-01-14T04:00:00Z,HB_SOUTH,26.56
2027-01-14T05:00:00Z,HB_WEST,22.57
2027-01-14T05:00:00Z,HB_NORTH,24.37
2027-01-14T05:00:00Z,HB_SOUTH,26.17
2027-01-14T06:00:00Z,HB_WEST,20.58
2027-01-14T06:00:00Z,HB_NORTH,29.28
2027-01-14T06:00:00Z,HB_SOUTH,30.36
2027-01-14T07:00:00Z,HB_WEST,22.27
2027-01-14T07:00:00Z,HB_NORTH,28.51
2027-01-14T07:00:00Z,HB_SOUTH,31.39
2027-01-14T08:00:00Z,HB_WEST,22.0
2027-01-14T08:00:00Z,HB_NORTH,24.37
2027-01-14T08:00:00Z,HB_SOUTH,29.67
2027-01-14T09:00:00Z,HB_WEST,22.22
2027-01-14T09:00:00Z,HB_NORTH,24.47
2027-01-14T09:00:00Z,HB_SOUTH,29.69
2027-01-14T10:00:00Z,HB_WEST,20.78
2027-01-14T10:00:00Z,HB_NORTH,24.65
2027-01-14T10:00:00Z,HB_SOUTH,29.83
2027-01-14T11:00:00Z,HB_WEST,20.78
2027-01-14T11:00:00Z,HB_NORTH,28.92
2027-01-14T11:00:00Z,HB_SOUTH,32.3
2027-01-14T12:00:00Z,HB_WEST,23.76
2027-01-14T12:00:00Z,HB_NORTH,31.93
2027-01-14T12:00:00Z,HB_SOUTH,34.99
2027-01-14T13:00:00Z,HB_WEST,29.01
2027-01-14T13:00:00Z,HB_NORTH,35.59
2027-01-14T13:00:00Z,HB_SOUTH,39.07
2027-01-14T14:00:00Z,HB_WEST,30.8
2027-01-14T14:00:00Z,HB_NORTH,38.12
2027-01-14T14:00:00Z,HB_SOUTH,36.59
2027-01-14T15:00:00Z,HB_WEST,26.89
2027-01-14T15:00:00Z,HB_NORTH,28.38
2027-01-14T15:00:00Z,HB_SOUTH,32.13
2027-01-14T16:00:00Z,HB_WEST,21.31
2027-01-14T16:00:00Z,HB_NORTH,25.49
2027-01-14T16:00:00Z,HB_SOUTH,31.34
2027-01-14T17:00:00Z,HB_WEST,22.93
2027-01-14T17:00:00Z,HB_NORTH,29.42
2027-01-14T17:00:00Z,HB_SOUTH,30.53
2027-01-14T18:00:00Z,HB_WEST,22.49
2027-01-14T18:00:00Z,HB_NORTH,27.93
2027-01-14T18:00:00Z,HB_SOUTH,30.13
2027-01-14T19:00:00Z,HB_WEST,22.66
2027-01-14T19:00:00Z,HB_NORTH,29.56
2027-01-14T19:00:00Z,HB_SOUTH,29.76
2027-01-14T20:00:00Z,HB_WEST,23.98
2027-01-14T20:00:00Z,HB_NORTH,28.24
2027-01-14T20:00:00Z,HB_SOUTH,26.82
2027-01-14T21:00:00Z,HB_WEST,25.44
2027-01-14T21:00:00Z,HB_NORTH,26.36
2027-01-14T21:00:00Z,HB_SOUTH,31.94
2027-01-14T22:00:00Z,HB_WEST,30.35
2027-01-14T22:00:00Z,HB_NORTH,36.68
2027-01-14T22:00:00Z,HB_SOUTH,37.32
2027-01-14T23:00:00Z,HB_WEST,39.19
2027-01-14T23:00:00Z,HB_NORTH,42.97
2027-01-14T23:00:00Z,HB_SOUTH,40.68
2027-01-15T00:00:00Z,HB_WEST,44.2
2027-01-15T00:00:00Z,HB_NORTH,50.24
2027-01-15T00:00:00Z,HB_SOUTH,45.21
2027-01-15T01:00:00Z,HB_WEST,37.68
2027-01-15T01:00:00Z,HB_NORTH,42.69
2027-01-15T01:00:00Z,HB_SOUTH,43.6
2027-01-15T02:00:00Z,HB_WEST,31.69
2027-01-15T02:00:00Z,HB_NORTH,32.09
2027-01-15T02:00:00Z,HB_SOUTH,32.83
2027-01-15T03:00:00Z,HB_WEST,21.83
2027-01-15T03:00:00Z,HB_NORTH,29.68
2027-01-15T03:00:00Z,HB_SOUTH,32.37
2027-01-15T04:00:00Z,HB_WEST,23.13
2027-01-15T04:00:00Z,HB_NORTH,26.28
2027-01-15T04:00:00Z,HB_SOUTH,28.82
2027-01-15T05:00:00Z,HB_WEST,20.12
2027-01-15T05:00:00Z,HB_NORTH,27.85
2027-01-15T05:00:00Z,HB_SOUTH,28.86
2027-01-15T06:00:00Z,HB_WEST,22.26
2027-01-15T06:00:00Z,HB_NORTH,24.52
2027-01-15T06:00:00Z,HB_SOUTH,27.32
2027-01-15T07:00:00Z,HB_WEST,23.78
2027-01-15T07:00:00Z,HB_NORTH,28.53
2027-01-15T07:00:00Z,HB_SOUTH,30.29
2027-01-15T08:00:00Z,HB_WEST,21.71
2027-01-15T08:00:00Z,HB_NORTH,28.4
2027-01-15T08:00:00Z,HB_SOUTH,27.7
2027-01-15T09:00:00Z,HB_WEST,22.06
2027-01-15T09:00:00Z,HB_NORTH,28.03
2027-01-15T09:00:00Z,HB_SOUTH,31.25
2027-01-15T10:00:00Z,HB_WEST,20.09
2027-01-15T10:00:00Z,HB_NORTH,26.85
2027-01-15T10:00:00Z,HB_SOUTH,30.52
2027-01-15T11:00:00Z,HB_WEST,24.03
2027-01-15T11:00:00Z,HB_NORTH,28.89
2027-01-15T11:00:00Z,HB_SOUTH,28.24
2027-01-15T12:00:00Z,HB_WEST,23.57
2027-01-15T12:00:00Z,HB_NORTH,30.65
2027-01-15T12:00:00Z,HB_SOUTH,30.79
2027-01-15T13:00:00Z,HB_WEST,30.58
2027-01-15T13:00:00Z,HB_NORTH,33.26
2027-01-15T13:00:00Z,HB_SOUTH,36.14
2027-01-15T14:00:00Z,HB_WEST,27.07
2027-01-15T14:00:00Z,HB_NORTH,36.4
2027-01-15T14:00:00Z,HB_SOUTH,39.5
2027-01-15T15:00:00Z,HB_WEST,23.72
2027-01-15T15:00:00Z,HB_NORTH,29.23
2027-01-15T15:00:00Z,HB_SOUTH,34.7
2027-01-15T16:00:00Z,HB_WEST,24.32
2027-01-15T16:00:00Z,HB_NORTH,28.91
2027-01-15T16:00:00Z,HB_SOUTH,28.41
2027-01-15T17:00:00Z,HB_WEST,24.0
2027-01-15T17:00:00Z,HB_NORTH,26.41
2027-01-15T17:00:00Z,HB_SOUTH,30.59
2027-01-15T18:00:00Z,HB_WEST,23.72
2027-01-15T18:00:00Z,HB_NORTH,25.85
2027-01-15T18:00:00Z,HB_SOUTH,28.19
2027-01-15T19:00:00Z,HB_WEST,20.07
2027-01-15T19:00:00Z,HB_NORTH,27.27
2027-01-15T19:00:00Z,HB_SOUTH,30.63
2027-01-15T20:00:00Z,HB_WEST,23.36
2027-01-15T20:00:00Z,HB_NORTH,28.55
2027-01-15T20:00:00Z,HB_SOUTH,30.98
2027-01-15T21:00:00Z,HB_WEST,22.89
2027-01-15T21:00:00Z,HB_NORTH,27.47
2027-01-15T21:00:00Z,HB_SOUTH,32.61
2027-01-15T22:00:00Z,HB_WEST,31.54
2027-01-15T22:00:00Z,HB_NORTH,36.94
2027-01-15T22:00:00Z,HB_SOUTH,33.62
2027-01-15T23:00:00Z,HB_WEST,39.52
2027-01-15T23:00:00Z,HB_NORTH,43.19
2027-01-15T23:00:00Z,HB_SOUTH,46.22
2027-01-16T00:00:00Z,HB_WEST,36.86
2027-01-16T00:00:00Z,HB_NORTH,40.2
2027-01-16T00:00:00Z,HB_SOUTH,38.24
2027-01-16T01:00:00Z,HB_WEST,33.16
2027-01-16T01:00:00Z,HB_NORTH,35.37
2027-01-16T01:00:00Z,HB_SOUTH,36.28
2027-01-16T02:00:00Z,HB_WEST,27.62
2027-01-16T02:00:00Z,HB_NORTH,31.72
2027-01-16T02:00:00Z,HB_SOUTH,36.14
2027-01-16T03:00:00Z,HB_WEST,20.98
2027-01-16T03:00:00Z,HB_NORTH,29.75
2027-01-16T03:00:00Z,HB_SOUTH,29.02
2027-01-16T04:00:00Z,HB_WEST,23.37
2027-01-16T04:00:00Z,HB_NORTH,26.8
2027-01-16T04:00:00Z,HB_SOUTH,27.16
2027-01-16T05:00:00Z,HB_WEST,21.47
2027-01-16T05:00:00Z,HB_NORTH,28.01
2027-01-16T05:00:00Z,HB_SOUTH,26.25
2027-01-16T06:00:00Z,HB_WEST,23.87
2027-01-16T06:00:00Z,HB_NORTH,25.91
2027-01-16T06:00:00Z,HB_SOUTH,31.53
2027-01-16T07:00:00Z,HB_WEST,20.15
2027-01-16T07:00:00Z,HB_NORTH,27.87
2027-01-16T07:00:00Z,HB_SOUTH,26.38
2027-01-16T08:00:00Z,HB_WEST,23.54
2027-01-16T08:00:00Z,HB_NORTH,29.11
2027-01-16T08:00:00Z,HB_SOUTH,31.65
2027-01-16T09:00:00Z,HB_WEST,20.2
2027-01-16T09:00:00Z,HB_NORTH,27.49
2027-01-16T09:00:00Z,HB_SOUTH,27.11
2027-01-16T10:00:00Z,HB_WEST,20.99
2027-01-16T10:00:00Z,HB_NORTH,24.46
2027-01-16T10:00:00Z,HB_SOUTH,30.01
2027-01-16T11:00:00Z,HB_WEST,24.14
2027-01-16T11:00:00Z,HB_NORTH,25.81
2027-01-16T11:00:00Z,HB_SOUTH,30.79
2027-01-16T12:00:00Z,HB_WEST,21.64
2027-01-16T12:00:00Z,HB_NORTH,31.1
2027-01-16T12:00:00Z,HB_SOUTH,28.49
2027-01-16T13:00:00Z,HB_WEST,23.83
2027-01-16T13:00:00Z,HB_NORTH,32.08
2027-01-16T13:00:00Z,HB_SOUTH,35.1
2027-01-16T14:00:00Z,HB_WEST,28.01
2027-01-16T14:00:00Z,HB_NORTH,33.53
2027-01-16T14:00:00Z,HB_SOUTH,32.45
2027-01-16T15:00:00Z,HB_WEST,24.29
2027-01-16T15:00:00Z,HB_NORTH,27.61
2027-01-16T15:00:00Z,HB_SOUTH,31.29
2027-01-16T16:00:00Z,HB_WEST,20.12
2027-01-16T16:00:00Z,HB_NORTH,27.72
2027-01-16T16:00:00Z,HB_SOUTH,27.24
2027-01-16T17:00:00Z,HB_WEST,23.62
2027-01-16T17:00:00Z,HB_NORTH,27.41
2027-01-16T17:00:00Z,HB_SOUTH,28.65
2027-01-16T18:00:00Z,HB_WEST,21.16
2027-01-16T18:00:00Z,HB_NORTH,27.31
2027-01-16T18:00:00Z,HB_SOUTH,27.99
2027-01-16T19:00:00Z,HB_WEST,20.78
2027-01-16T19:00:00Z,HB_NORTH,24.8
2027-01-16T19:00:00Z,HB_SOUTH,29.99
2027-01-16T20:00:00Z,HB_WEST,21.56
2027-01-16T20:00:00Z,HB_NORTH,29.13
2027-01-16T20:00:00Z,HB_SOUTH,31.19
2027-01-16T21:00:00Z,HB_WEST,22.17
2027-01-16T21:00:00Z,HB_NORTH,26.91
2027-01-16T21:00:00Z,HB_SOUTH,32.1
2027-01-16T22:00:00Z,HB_WEST,28.33
2027-01-16T22:00:00Z,HB_NORTH,30.01
2027-01-16T22:00:00Z,HB_SOUTH,34.66
2027-01-16T23:00:00Z,HB_WEST,32.44
2027-01-16T23:00:00Z,HB_NORTH,33.62
2027-01-16T23:00:00Z,HB_SOUTH,39.11
2027-01-17T00:00:00Z,HB_WEST,37.06
2027-01-17T00:00:00Z,HB_NORTH,42.42
2027-01-17T00:00:00Z,HB_SOUTH,39.73
2027-01-17T01:00:00Z,HB_WEST,29.55
2027-01-17T01:00:00Z,HB_NORTH,35.62
2027-01-17T01:00:00Z,HB_SOUTH,35.21
2027-01-17T02:00:00Z,HB_WEST,27.9
2027-01-17T02:00:00Z,HB_NORTH,29.38
2027-01-17T02:00:00Z,HB_SOUTH,35.2
2027-01-17T03:00:00Z,HB_WEST,21.72
2027-01-17T03:00:00Z,HB_NORTH,28.51
2027-01-17T03:00:00Z,HB_SOUTH,27.39
2027-01-17T04:00:00Z,HB_WEST,21.37
2027-01-17T04:00:00Z,HB_NORTH,27.92
2027-01-17T04:00:00Z,HB_SOUTH,30.74
2027-01-17T05:00:00Z,HB_WEST,23.04
2027-01-17T05:00:00Z,HB_NORTH,25.61
2027-01-17T05:00:00Z,HB_SOUTH,29.23
2027-01-17T06:00:00Z,HB_WEST,23.1
2027-01-17T06:00:00Z,HB_NORTH,27.76
2027-01-17T06:00:00Z,HB_SOUTH,29.65
2027-01-17T07:00:00Z,HB_WEST,20.58
2027-01-17T07:00:00Z,HB_NORTH,25.12
2027-01-17T07:00:00Z,HB_SOUTH,27.99
2027-01-17T08:00:00Z,HB_WEST,20.56
2027-01-17T08:00:00Z,HB_NORTH,26.95
2027-01-17T08:00:00Z,HB_SOUTH,26.46
2027-01-17T09:00:00Z,HB_WEST,21.01
2027-01-17T09:00:00Z,HB_NORTH,28.7
2027-01-17T09:00:00Z,HB_SOUTH,31.63
2027-01-17T10:00:00Z,HB_WEST,23.32
2027-01-17T10:00:00Z,HB_NORTH,28.61
2027-01-17T10:00:00Z,HB_SOUTH,28.13
2027-01-17T11:00:00Z,HB_WEST,22.46
2027-01-17T11:00:00Z,HB_NORTH,27.69
2027-01-17T11:00:00Z,HB_SOUTH,29.75
2027-01-17T12:00:00Z,HB_WEST,23.9
2027-01-17T12:00:00Z,HB_NORTH,28.16
2027-01-17T12:00:00Z,HB_SOUTH,33.17
2027-01-17T13:00:00Z,HB_WEST,27.68
2027-01-17T13:00:00Z,HB_NORTH,28.36
2027-01-17T13:00:00Z,HB_SOUTH,31.81
2027-01-17T14:00:00Z,HB_WEST,25.69
2027-01-17T14:00:00Z,HB_NORTH,29.8
2027-01-17T14:00:00Z,HB_SOUTH,33.26
2027-01-17T15:00:00Z,HB_WEST,24.24
2027-01-17T15:00:00Z,HB_NORTH,31.08
2027-01-17T15:00:00Z,HB_SOUTH,32.12
2027-01-17T16:00:00Z,HB_WEST,22.1
2027-01-17T16:00:00Z,HB_NORTH,29.64
2027-01-17T16:00:00Z,HB_SOUTH,26.82
2027-01-17T17:00:00Z,HB_WEST,21.82
2027-01-17T17:00:00Z,HB_NORTH,29.52
2027-01-17T17:00:00Z,HB_SOUTH,29.16
2027-01-17T18:00:00Z,HB_WEST,22.99
2027-01-17T18:00:00Z,HB_NORTH,28.09
2027-01-17T18:00:00Z,HB_SOUTH,31.0
2027-01-17T19:00:00Z,HB_WEST,22.94
2027-01-17T19:00:00Z,HB_NORTH,26.44
2027-01-17T19:00:00Z,HB_SOUTH,26.99
2027-01-17T20:00:00Z,HB_WEST,20.12
2027-01-17T20:00:00Z,HB_NORTH,26.55
2027-01-17T20:00:00Z,HB_SOUTH,29.22
2027-01-17T21:00:00Z,HB_WEST,21.26
2027-01-17T21:00:00Z,HB_NORTH,28.43
2027-01-17T21:00:00Z,HB_SOUTH,31.03
2027-01-17T22:00:00Z,HB_WEST,26.56
2027-01-17T22:00:00Z,HB_NORTH,30.53
2027-01-17T22:00:00Z,HB_SOUTH,35.93
2027-01-17T23:00:00Z,HB_WEST,32.06
2027-01-17T23:00:00Z,HB_NORTH,37.17
2027-01-17T23:00:00Z,HB_SOUTH,40.58
2027-01-18T00:00:00Z,HB_WEST,43.87
2027-01-18T00:00:00Z,HB_NORTH,47.5
2027-01-18T00:00:00Z,HB_SOUTH,53.75
2027-01-18T01:00:00Z,HB_WEST,37.05
2027-01-18T01:00:00Z,HB_NORTH,40.06
2027-01-18T01:00:00Z,HB_SOUTH,43.66
2027-01-18T02:00:00Z,HB_WEST,28.11
2027-01-18T02:00:00Z,HB_NORTH,37.63
2027-01-18T02:00:00Z,HB_SOUTH,34.89
2027-01-18T03:00:00Z,HB_WEST,23.62
2027-01-18T03:00:00Z,HB_NORTH,26.96
2027-01-18T03:00:00Z,HB_SOUTH,32.51
2027-01-18T04:00:00Z,HB_WEST,23.3
2027-01-18T04:00:00Z,HB_NORTH,27.46
2027-01-18T04:00:00Z,HB_SOUTH,28.93
2027-01-18T05:00:00Z,HB_WEST,24.12
2027-01-18T05:00:00Z,HB_NORTH,29.23
2027-01-18T05:00:00Z,HB_SOUTH,31.59
2027-01-18T06:00:00Z,HB_WEST,21.16
2027-01-18T06:00:00Z,HB_NORTH,28.51
2027-01-18T06:00:00Z,HB_SOUTH,29.24
2027-01-18T07:00:00Z,HB_WEST,19.96
2027-01-18T07:00:00Z,HB_NORTH,25.02
2027-01-18T07:00:00Z,HB_SOUTH,31.13
2027-01-18T08:00:00Z,HB_WEST,20.17
2027-01-18T08:00:00Z,HB_NORTH,28.9
2027-01-18T08:00:00Z,HB_SOUTH,28.37
2027-01-18T09:00:00Z,HB_WEST,22.63
2027-01-18T09:00:00Z,HB_NORTH,26.65
2027-01-18T09:00:00Z,HB_SOUTH,30.41
2027-01-18T10:00:00Z,HB_WEST,23.72
2027-01-18T10:00:00Z,HB_NORTH,25.09
2027-01-18T10:00:00Z,HB_SOUTH,26.15
2027-01-18T11:00:00Z,HB_WEST,20.53
2027-01-18T11:00:00Z,HB_NORTH,30.14
2027-01-18T11:00:00Z,HB_SOUTH,27.8
2027-01-18T12:00:00Z,HB_WEST,23.04
2027-01-18T12:00:00Z,HB_NORTH,30.91
2027-01-18T12:00:00Z,HB_SOUTH,32.05
2027-01-18T13:00:00Z,HB_WEST,27.39
2027-01-18T13:00:00Z,HB_NORTH,34.84
2027-01-18T13:00:00Z,HB_SOUTH,35.25
2027-01-18T14:00:00Z,HB_WEST,29.07
2027-01-18T14:00:00Z,HB_NORTH,37.34
2027-01-18T14:00:00Z,HB_SOUTH,37.76
2027-01-18T15:00:00Z,HB_WEST,26.92
2027-01-18T15:00:00Z,HB_NORTH,32.74
2027-01-18T15:00:00Z,HB_SOUTH,33.17
2027-01-18T16:00:00Z,HB_WEST,21.61
2027-01-18T16:00:00Z,HB_NORTH,25.27
2027-01-18T16:00:00Z,HB_SOUTH,30.48
2027-01-18T17:00:00Z,HB_WEST,22.8
2027-01-18T17:00:00Z,HB_NORTH,29.11
2027-01-18T17:00:00Z,HB_SOUTH,27.7
2027-01-18T18:00:00Z,HB_WEST,21.47
2027-01-18T18:00:00Z,HB_NORTH,29.02
2027-01-18T18:00:00Z,HB_SOUTH,26.43
2027-01-18T19:00:00Z,HB_WEST,20.1
2027-01-18T19:00:00Z,HB_NORTH,25.12
2027-01-18T19:00:00Z,HB_SOUTH,30.96
2027-01-18T20:00:00Z,HB_WEST,21.68
2027-01-18T20:00:00Z,HB_NORTH,27.57
2027-01-18T20:00:00Z,HB_SOUTH,28.04
2027-01-18T21:00:00Z,HB_WEST,23.89
2027-01-18T21:00:00Z,HB_NORTH,30.7
2027-01-18T21:00:00Z,HB_SOUTH,32.1
2027-01-18T22:00:00Z,HB_WEST,31.05
2027-01-18T22:00:00Z,HB_NORTH,35.13
2027-01-18T22:00:00Z,HB_SOUTH,36.13
2027-01-18T23:00:00Z,HB_WEST,35.78
2027-01-18T23:00:00Z,HB_NORTH,41.57
2027-01-18T23:00:00Z,HB_SOUTH,48.99
2027-01-19T00:00:00Z,HB_WEST,43.7
2027-01-19T00:00:00Z,HB_NORTH,44.0
2027-01-19T00:00:00Z,HB_SOUTH,50.24
2027-01-19T01:00:00Z,HB_WEST,38.4
2027-01-19T01:00:00Z,HB_NORTH,41.79
2027-01-19T01:00:00Z,HB_SOUTH,42.98
2027-01-19T02:00:00Z,HB_WEST,31.85
2027-01-19T02:00:00Z,HB_NORTH,34.89
2027-01-19T02:00:00Z,HB_SOUTH,33.65
2027-01-19T03:00:00Z,HB_WEST,23.87
2027-01-19T03:00:00Z,HB_NORTH,29.42
2027-01-19T03:00:00Z,HB_SOUTH,32.74
2027-01-19T04:00:00Z,HB_WEST,21.18
2027-01-19T04:00:00Z,HB_NORTH,29.98
2027-01-19T04:00:00Z,HB_SOUTH,30.37
2027-01-19T05:00:00Z,HB_WEST,22.01
2027-01-19T05:00:00Z,HB_NORTH,29.07
2027-01-19T05:00:00Z,HB_SOUTH,31.18
2027-01-19T06:00:00Z,HB_WEST,22.89
2027-01-19T06:00:00Z,HB_NORTH,26.84
2027-01-19T06:00:00Z,HB_SOUTH,27.89
2027-01-19T07:00:00Z,HB_WEST,22.99
2027-01-19T07:00:00Z,HB_NORTH,25.52
2027-01-19T07:00:00Z,HB_SOUTH,29.35
2027-01-19T08:00:00Z,HB_WEST,22.91
2027-01-19T08:00:00Z,HB_NORTH,25.36
2027-01-19T08:00:00Z,HB_SOUTH,29.75
2027-01-19T09:00:00Z,HB_WEST,21.93
2027-01-19T09:00:00Z,HB_NORTH,29.32
2027-01-19T09:00:00Z,HB_SOUTH,29.47
2027-01-19T10:00:00Z,HB_WEST,20.75
2027-01-19T10:00:00Z,HB_NORTH,27.05
2027-01-19T10:00:00Z,HB_SOUTH,26.46
2027-01-19T11:00:00Z,HB_WEST,21.13
2027-01-19T11:00:00Z,HB_NORTH,29.75
2027-01-19T11:00:00Z,HB_SOUTH,30.54
2027-01-19T12:00:00Z,HB_WEST,24.85
2027-01-19T12:00:00Z,HB_NORTH,29.84
2027-01-19T12:00:00Z,HB_SOUTH,31.97
2027-01-19T13:00:00Z,HB_WEST,27.41
2027-01-19T13:00:00Z,HB_NORTH,37.55
2027-01-19T13:00:00Z,HB_SOUTH,33.62
2027-01-19T14:00:00Z,HB_WEST,31.57
2027-01-19T14:00:00Z,HB_NORTH,36.32
2027-01-19T14:00:00Z,HB_SOUTH,37.01
2027-01-19T15:00:00Z,HB_WEST,26.73
2027-01-19T15:00:00Z,HB_NORTH,31.11
2027-01-19T15:00:00Z,HB_SOUTH,34.14
2027-01-19T16:00:00Z,HB_WEST,22.26
2027-01-19T16:00:00Z,HB_NORTH,24.84
2027-01-19T16:00:00Z,HB_SOUTH,30.13
2027-01-19T17:00:00Z,HB_WEST,20.51
2027-01-19T17:00:00Z,HB_NORTH,24.84
2027-01-19T17:00:00Z,HB_SOUTH,31.63
2027-01-19T18:00:00Z,HB_WEST,20.0
2027-01-19T18:00:00Z,HB_NORTH,25.87
2027-01-19T18:00:00Z,HB_SOUTH,30.36
2027-01-19T19:00:00Z,HB_WEST,24.0
2027-01-19T19:00:00Z,HB_NORTH,29.1
2027-01-19T19:00:00Z,HB_SOUTH,27.31
2027-01-19T20:00:00Z,HB_WEST,22.29
2027-01-19T20:00:00Z,HB_NORTH,25.88
2027-01-19T20:00:00Z,HB_SOUTH,28.73
2027-01-19T21:00:00Z,HB_WEST,24.68
2027-01-19T21:00:00Z,HB_NORTH,27.29
2027-01-19T21:00:00Z,HB_SOUTH,34.05
2027-01-19T22:00:00Z,HB_WEST,32.14
2027-01-19T22:00:00Z,HB_NORTH,34.82
2027-01-19T22:00:00Z,HB_SOUTH,34.06
2027-01-19T23:00:00Z,HB_WEST,38.53
2027-01-19T23:00:00Z,HB_NORTH,40.64
2027-01-19T23:00:00Z,HB_SOUTH,43.94
2027-01-20T00:00:00Z,HB_WEST,41.64
2027-01-20T00:00:00Z,HB_NORTH,44.51
2027-01-20T00:00:00Z,HB_SOUTH,51.41
2027-01-20T01:00:00Z,HB_WEST,38.49
2027-01-20T01:00:00Z,HB_NORTH,41.71
2027-01-20T01:00:00Z,HB_SOUTH,44.26
2027-01-20T02:00:00Z,HB_WEST,28.68
2027-01-20T02:00:00Z,HB_NORTH,33.3
2027-01-20T02:00:00Z,HB_SOUTH,37.46
2027-01-20T03:00:00Z,HB_WEST,21.77
2027-01-20T03:00:00Z,HB_NORTH,29.13
2027-01-20T03:00:00Z,HB_SOUTH,28.47
2027-01-20T04:00:00Z,HB_WEST,20.88
2027-01-20T04:00:00Z,HB_NORTH,26.59
2027-01-20T04:00:00Z,HB_SOUTH,30.69
2027-01-20T05:00:00Z,HB_WEST,21.4
2027-01-20T05:00:00Z,HB_NORTH,24.68
2027-01-20T05:00:00Z,HB_SOUTH,27.5
2027-01-20T06:00:00Z,HB_WEST,20.17
2027-01-20T06:00:00Z,HB_NORTH,27.54
2027-01-20T06:00:00Z,HB_SOUTH,31.74
2027-01-20T07:00:00Z,HB_WEST,23.75
2027-01-20T07:00:00Z,HB_NORTH,29.65
2027-01-20T07:00:00Z,HB_SOUTH,27.61
2027-01-20T08:00:00Z,HB_WEST,23.6
2027-01-20T08:00:00Z,HB_NORTH,24.7
2027-01-20T08:00:00Z,HB_SOUTH,29.93
2027-01-20T09:00:00Z,HB_WEST,22.46
2027-01-20T09:00:00Z,HB_NORTH,26.75
2027-01-20T09:00:00Z,HB_SOUTH,30.51
2027-01-20T10:00:00Z,HB_WEST,23.58
2027-01-20T10:00:00Z,HB_NORTH,28.94
2027-01-20T10:00:00Z,HB_SOUTH,28.97
2027-01-20T11:00:00Z,HB_WEST,22.86
2027-01-20T11:00:00Z,HB_NORTH,25.29
2027-01-20T11:00:00Z,HB_SOUTH,30.74
2027-01-20T12:00:00Z,HB_WEST,24.87
2027-01-20T12:00:00Z,HB_NORTH,31.47
2027-01-20T12:00:00Z,HB_SOUTH,30.58
2027-01-20T13:00:00Z,HB_WEST,28.37
2027-01-20T13:00:00Z,HB_NORTH,36.79
2027-01-20T13:00:00Z,HB_SOUTH,36.52
2027-01-20T14:00:00Z,HB_WEST,29.87
2027-01-20T14:00:00Z,HB_NORTH,34.54
2027-01-20T14:00:00Z,HB_SOUTH,39.25
2027-01-20T15:00:00Z,HB_WEST,24.99
2027-01-20T15:00:00Z,HB_NORTH,27.28
2027-01-20T15:00:00Z,HB_SOUTH,33.68
2027-01-20T16:00:00Z,HB_WEST,20.97
2027-01-20T16:00:00Z,HB_NORTH,29.42
2027-01-20T16:00:00Z,HB_SOUTH,32.14
2027-01-20T17:00:00Z,HB_WEST,19.87
2027-01-20T17:00:00Z,HB_NORTH,24.39
2027-01-20T17:00:00Z,HB_SOUTH,26.78
2027-01-20T18:00:00Z,HB_WEST,22.48
2027-01-20T18:00:00Z,HB_NORTH,27.76
2027-01-20T18:00:00Z,HB_SOUTH,31.11
2027-01-20T19:00:00Z,HB_WEST,22.8
2027-01-20T19:00:00Z,HB_NORTH,25.4
2027-01-20T19:00:00Z,HB_SOUTH,30.61
2027-01-20T20:00:00Z,HB_WEST,24.58
2027-01-20T20:00:00Z,HB_NORTH,26.74
2027-01-20T20:00:00Z,HB_SOUTH,31.44
2027-01-20T21:00:00Z,HB_WEST,24.63
2027-01-20T21:00:00Z,HB_NORTH,31.11
2027-01-20T21:00:00Z,HB_SOUTH,30.58
2027-01-20T22:00:00Z,HB_WEST,26.49
2027-01-20T22:00:00Z,HB_NORTH,35.85
2027-01-20T22:00:00Z,HB_SOUTH,38.92
2027-01-20T23:00:00Z,HB_WEST,39.25
2027-01-20T23:00:00Z,HB_NORTH,39.48
2027-01-20T23:00:00Z,HB_SOUTH,40.94
2027-01-21T00:00:00Z,HB_WEST,42.94
2027-01-21T00:00:00Z,HB_NORTH,49.46
2027-01-21T00:00:00Z,HB_SOUTH,52.76
2027-01-21T01:00:00Z,HB_WEST,38.71
2027-01-21T01:00:00Z,HB_NORTH,42.41
2027-01-21T01:00:00Z,HB_SOUTH,46.22
2027-01-21T02:00:00Z,HB_WEST,28.09
2027-01-21T02:00:00Z,HB_NORTH,32.12
2027-01-21T02:00:00Z,HB_SOUTH,35.04
2027-01-21T03:00:00Z,HB_WEST,24.17
2027-01-21T03:00:00Z,HB_NORTH,29.95
2027-01-21T03:00:00Z,HB_SOUTH,28.41
2027-01-21T04:00:00Z,HB_WEST,23.18
2027-01-21T04:00:00Z,HB_NORTH,25.67
2027-01-21T04:00:00Z,HB_SOUTH,32.26
2027-01-21T05:00:00Z,HB_WEST,21.17
2027-01-21T05:00:00Z,HB_NORTH,26.17
2027-01-21T05:00:00Z,HB_SOUTH,26.4
2027-01-21T06:00:00Z,HB_WEST,22.74
2027-01-21T06:00:00Z,HB_NORTH,28.46
2027-01-21T06:00:00Z,HB_SOUTH,31.51
2027-01-21T07:00:00Z,HB_WEST,21.87
2027-01-21T07:00:00Z,HB_NORTH,24.61
2027-01-21T07:00:00Z,HB_SOUTH,28.62
2027-01-21T08:00:00Z,HB_WEST,22.71
2027-01-21T08:00:00Z,HB_NORTH,25.57
2027-01-21T08:00:00Z,HB_SOUTH,26.82
2027-01-21T09:00:00Z,HB_WEST,20.96
2027-01-21T09:00:00Z,HB_NORTH,26.69
2027-01-21T09:00:00Z,HB_SOUTH,28.53
2027-01-21T10:00:00Z,HB_WEST,23.18
2027-01-21T10:00:00Z,HB_NORTH,26.61
2027-01-21T10:00:00Z,HB_SOUTH,30.4
2027-01-21T11:00:00Z,HB_WEST,24.56
2027-01-21T11:00:00Z,HB_NORTH,29.69
2027-01-21T11:00:00Z,HB_SOUTH,29.62
2027-01-21T12:00:00Z,HB_WEST,23.75
2027-01-21T12:00:00Z,HB_NORTH,30.16
2027-01-21T12:00:00Z,HB_SOUTH,31.54
2027-01-21T13:00:00Z,HB_WEST,28.25
2027-01-21T13:00:00Z,HB_NORTH,36.77
2027-01-21T13:00:00Z,HB_SOUTH,35.83
2027-01-21T14:00:00Z,HB_WEST,27.39
2027-01-21T14:00:00Z,HB_NORTH,35.51
2027-01-21T14:00:00Z,HB_SOUTH,36.15
2027-01-21T15:00:00Z,HB_WEST,22.92
2027-01-21T15:00:00Z,HB_NORTH,28.14
2027-01-21T15:00:00Z,HB_SOUTH,31.75
2027-01-21T16:00:00Z,HB_WEST,20.95
2027-01-21T16:00:00Z,HB_NORTH,28.77
2027-01-21T16:00:00Z,HB_SOUTH,29.24
2027-01-21T17:00:00Z,HB_WEST,22.05
2027-01-21T17:00:00Z,HB_NORTH,24.54
2027-01-21T17:00:00Z,HB_SOUTH,27.32
2027-01-21T18:00:00Z,HB_WEST,24.01
2027-01-21T18:00:00Z,HB_NORTH,25.91
2027-01-21T18:00:00Z,HB_SOUTH,28.68
2027-01-21T19:00:00Z,HB_WEST,22.49
2027-01-21T19:00:00Z,HB_NORTH,26.75
2027-01-21T19:00:00Z,HB_SOUTH,26.82
2027-01-21T20:00:00Z,HB_WEST,24.38
2027-01-21T20:00:00Z,HB_NORTH,29.99
2027-01-21T20:00:00Z,HB_SOUTH,28.45
2027-01-21T21:00:00Z,HB_WEST,23.63
2027-01-21T21:00:00Z,HB_NORTH,26.57
2027-01-21T21:00:00Z,HB_SOUTH,28.57
2027-01-21T22:00:00Z,HB_WEST,29.0
2027-01-21T22:00:00Z,HB_NORTH,33.17
2027-01-21T22:00:00Z,HB_SOUTH,39.99
2027-01-21T23:00:00Z,HB_WEST,34.52
2027-01-21T23:00:00Z,HB_NORTH,39.66
2027-01-21T23:00:00Z,HB_SOUTH,45.2
2027-01-22T00:00:00Z,HB_WEST,44.62
2027-01-22T00:00:00Z,HB_NORTH,181.66
2027-01-22T00:00:00Z,HB_SOUTH,48.62
2027-01-22T01:00:00Z,HB_WEST,36.05
2027-01-22T01:00:00Z,HB_NORTH,182.68
2027-01-22T01:00:00Z,HB_SOUTH,41.89
2027-01-22T02:00:00Z,HB_WEST,29.15
2027-01-22T02:00:00Z,HB_NORTH,145.88
2027-01-22T02:00:00Z,HB_SOUTH,37.1
2027-01-22T03:00:00Z,HB_WEST,24.59
2027-01-22T03:00:00Z,HB_NORTH,28.9
2027-01-22T03:00:00Z,HB_SOUTH,34.08
2027-01-22T04:00:00Z,HB_WEST,20.31
2027-01-22T04:00:00Z,HB_NORTH,28.86
2027-01-22T04:00:00Z,HB_SOUTH,28.49
2027-01-22T05:00:00Z,HB_WEST,24.05
2027-01-22T05:00:00Z,HB_NORTH,25.21
2027-01-22T05:00:00Z,HB_SOUTH,28.25
2027-01-22T06:00:00Z,HB_WEST,21.93
2027-01-22T06:00:00Z,HB_NORTH,27.26
2027-01-22T06:00:00Z,HB_SOUTH,31.42
2027-01-22T07:00:00Z,HB_WEST,22.37
2027-01-22T07:00:00Z,HB_NORTH,24.5
2027-01-22T07:00:00Z,HB_SOUTH,29.17
2027-01-22T08:00:00Z,HB_WEST,20.43
2027-01-22T08:00:00Z,HB_NORTH,28.68
2027-01-22T08:00:00Z,HB_SOUTH,31.09
2027-01-22T09:00:00Z,HB_WEST,22.84
2027-01-22T09:00:00Z,HB_NORTH,29.03
2027-01-22T09:00:00Z,HB_SOUTH,27.21
2027-01-22T10:00:00Z,HB_WEST,19.93
2027-01-22T10:00:00Z,HB_NORTH,25.3
2027-01-22T10:00:00Z,HB_SOUTH,29.37
2027-01-22T11:00:00Z,HB_WEST,22.32
2027-01-22T11:00:00Z,HB_NORTH,27.48
2027-01-22T11:00:00Z,HB_SOUTH,27.27
2027-01-22T12:00:00Z,HB_WEST,25.36
2027-01-22T12:00:00Z,HB_NORTH,29.51
2027-01-22T12:00:00Z,HB_SOUTH,31.26
2027-01-22T13:00:00Z,HB_WEST,28.4
2027-01-22T13:00:00Z,HB_NORTH,33.91
2027-01-22T13:00:00Z,HB_SOUTH,39.5
2027-01-22T14:00:00Z,HB_WEST,29.28
2027-01-22T14:00:00Z,HB_NORTH,37.78
2027-01-22T14:00:00Z,HB_SOUTH,35.37
2027-01-22T15:00:00Z,HB_WEST,27.31
2027-01-22T15:00:00Z,HB_NORTH,31.31
2027-01-22T15:00:00Z,HB_SOUTH,34.38
2027-01-22T16:00:00Z,HB_WEST,21.59
2027-01-22T16:00:00Z,HB_NORTH,24.88
2027-01-22T16:00:00Z,HB_SOUTH,32.42
2027-01-22T17:00:00Z,HB_WEST,23.25
2027-01-22T17:00:00Z,HB_NORTH,27.73
2027-01-22T17:00:00Z,HB_SOUTH,29.26
2027-01-22T18:00:00Z,HB_WEST,21.22
2027-01-22T18:00:00Z,HB_NORTH,27.71
2027-01-22T18:00:00Z,HB_SOUTH,31.41
2027-01-22T19:00:00Z,HB_WEST,21.25
2027-01-22T19:00:00Z,HB_NORTH,24.55
2027-01-22T19:00:00Z,HB_SOUTH,31.44
2027-01-22T20:00:00Z,HB_WEST,21.98
2027-01-22T20:00:00Z,HB_NORTH,25.5
2027-01-22T20:00:00Z,HB_SOUTH,28.21
2027-01-22T21:00:00Z,HB_WEST,23.97
2027-01-22T21:00:00Z,HB_NORTH,30.06
2027-01-22T21:00:00Z,HB_SOUTH,30.96
2027-01-22T22:00:00Z,HB_WEST,28.36
2027-01-22T22:00:00Z,HB_NORTH,123.78
2027-01-22T22:00:00Z,HB_SOUTH,32.79
2027-01-22T23:00:00Z,HB_WEST,33.97
2027-01-22T23:00:00Z,HB_NORTH,186.01
2027-01-22T23:00:00Z,HB_SOUTH,45.66
2027-01-23T00:00:00Z,HB_WEST,35.36
2027-01-23T00:00:00Z,HB_NORTH,38.05
2027-01-23T00:00:00Z,HB_SOUTH,39.91
2027-01-23T01:00:00Z,HB_WEST,30.69
2027-01-23T01:00:00Z,HB_NORTH,38.34
2027-01-23T01:00:00Z,HB_SOUTH,38.62
2027-01-23T02:00:00Z,HB_WEST,25.52
2027-01-23T02:00:00Z,HB_NORTH,29.52
2027-01-23T02:00:00Z,HB_SOUTH,34.01
2027-01-23T03:00:00Z,HB_WEST,23.76
2027-01-23T03:00:00Z,HB_NORTH,27.44
2027-01-23T03:00:00Z,HB_SOUTH,31.09
2027-01-23T04:00:00Z,HB_WEST,20.42
2027-01-23T04:00:00Z,HB_NORTH,28.17
2027-01-23T04:00:00Z,HB_SOUTH,30.9
2027-01-23T05:00:00Z,HB_WEST,23.97
2027-01-23T05:00:00Z,HB_NORTH,29.61
2027-01-23T05:00:00Z,HB_SOUTH,30.19
2027-01-23T06:00:00Z,HB_WEST,22.63
2027-01-23T06:00:00Z,HB_NORTH,24.58
2027-01-23T06:00:00Z,HB_SOUTH,28.08
2027-01-23T07:00:00Z,HB_WEST,21.61
2027-01-23T07:00:00Z,HB_NORTH,27.36
2027-01-23T07:00:00Z,HB_SOUTH,29.02
2027-01-23T08:00:00Z,HB_WEST,21.47
2027-01-23T08:00:00Z,HB_NORTH,27.24
2027-01-23T08:00:00Z,HB_SOUTH,28.21
2027-01-23T09:00:00Z,HB_WEST,23.74
2027-01-23T09:00:00Z,HB_NORTH,26.04
2027-01-23T09:00:00Z,HB_SOUTH,27.22
2027-01-23T10:00:00Z,HB_WEST,23.85
2027-01-23T10:00:00Z,HB_NORTH,26.89
2027-01-23T10:00:00Z,HB_SOUTH,26.53
2027-01-23T11:00:00Z,HB_WEST,24.33
2027-01-23T11:00:00Z,HB_NORTH,28.97
2027-01-23T11:00:00Z,HB_SOUTH,30.71
2027-01-23T12:00:00Z,HB_WEST,25.78
2027-01-23T12:00:00Z,HB_NORTH,27.49
2027-01-23T12:00:00Z,HB_SOUTH,31.72
2027-01-23T13:00:00Z,HB_WEST,27.74
2027-01-23T13:00:00Z,HB_NORTH,33.62
2027-01-23T13:00:00Z,HB_SOUTH,32.45
2027-01-23T14:00:00Z,HB_WEST,27.11
2027-01-23T14:00:00Z,HB_NORTH,29.63
2027-01-23T14:00:00Z,HB_SOUTH,33.91
2027-01-23T15:00:00Z,HB_WEST,25.73
2027-01-23T15:00:00Z,HB_NORTH,30.99
2027-01-23T15:00:00Z,HB_SOUTH,29.67
2027-01-23T16:00:00Z,HB_WEST,20.77
2027-01-23T16:00:00Z,HB_NORTH,25.0
2027-01-23T16:00:00Z,HB_SOUTH,27.2
2027-01-23T17:00:00Z,HB_WEST,21.73
2027-01-23T17:00:00Z,HB_NORTH,25.86
2027-01-23T17:00:00Z,HB_SOUTH,31.79
2027-01-23T18:00:00Z,HB_WEST,24.04
2027-01-23T18:00:00Z,HB_NORTH,24.74
2027-01-23T18:00:00Z,HB_SOUTH,31.88
2027-01-23T19:00:00Z,HB_WEST,21.92
2027-01-23T19:00:00Z,HB_NORTH,28.9
2027-01-23T19:00:00Z,HB_SOUTH,27.65
2027-01-23T20:00:00Z,HB_WEST,23.74
2027-01-23T20:00:00Z,HB_NORTH,29.74
2027-01-23T20:00:00Z,HB_SOUTH,30.64
2027-01-23T21:00:00Z,HB_WEST,23.19
2027-01-23T21:00:00Z,HB_NORTH,29.72
2027-01-23T21:00:00Z,HB_SOUTH,31.71
2027-01-23T22:00:00Z,HB_WEST,25.35
2027-01-23T22:00:00Z,HB_NORTH,30.27
2027-01-23T22:00:00Z,HB_SOUTH,30.51
2027-01-23T23:00:00Z,HB_WEST,29.37
2027-01-23T23:00:00Z,HB_NORTH,36.78
2027-01-23T23:00:00Z,HB_SOUTH,41.11
2027-01-24T00:00:00Z,HB_WEST,34.36
2027-01-24T00:00:00Z,HB_NORTH,37.2
2027-01-24T00:00:00Z,HB_SOUTH,44.12
2027-01-24T01:00:00Z,HB_WEST,30.55
2027-01-24T01:00:00Z,HB_NORTH,37.51
2027-01-24T01:00:00Z,HB_SOUTH,38.51
2027-01-24T02:00:00Z,HB_WEST,25.51
2027-01-24T02:00:00Z,HB_NORTH,31.36
2027-01-24T02:00:00Z,HB_SOUTH,32.27
2027-01-24T03:00:00Z,HB_WEST,22.62
2027-01-24T03:00:00Z,HB_NORTH,29.91
2027-01-24T03:00:00Z,HB_SOUTH,29.29
2027-01-24T04:00:00Z,HB_WEST,23.4
2027-01-24T04:00:00Z,HB_NORTH,27.15
2027-01-24T04:00:00Z,HB_SOUTH,30.75
2027-01-24T05:00:00Z,HB_WEST,22.22
2027-01-24T05:00:00Z,HB_NORTH,29.22
2027-01-24T05:00:00Z,HB_SOUTH,26.94
2027-01-24T06:00:00Z,HB_WEST,20.14
2027-01-24T06:00:00Z,HB_NORTH,24.55
2027-01-24T06:00:00Z,HB_SOUTH,29.71
2027-01-24T07:00:00Z,HB_WEST,23.08
2027-01-24T07:00:00Z,HB_NORTH,27.58
2027-01-24T07:00:00Z,HB_SOUTH,28.17
2027-01-24T08:00:00Z,HB_WEST,19.89
2027-01-24T08:00:00Z,HB_NORTH,24.48
2027-01-24T08:00:00Z,HB_SOUTH,29.69
2027-01-24T09:00:00Z,HB_WEST,22.18
2027-01-24T09:00:00Z,HB_NORTH,24.83
2027-01-24T09:00:00Z,HB_SOUTH,26.59
2027-01-24T10:00:00Z,HB_WEST,20.77
2027-01-24T10:00:00Z,HB_NORTH,26.58
2027-01-24T10:00:00Z,HB_SOUTH,26.31
2027-01-24T11:00:00Z,HB_WEST,21.93
2027-01-24T11:00:00Z,HB_NORTH,27.69
2027-01-24T11:00:00Z,HB_SOUTH,28.12
2027-01-24T12:00:00Z,HB_WEST,21.49
2027-01-24T12:00:00Z,HB_NORTH,27.89
2027-01-24T12:00:00Z,HB_SOUTH,33.44
2027-01-24T13:00:00Z,HB_WEST,25.33
2027-01-24T13:00:00Z,HB_NORTH,32.14
2027-01-24T13:00:00Z,HB_SOUTH,33.71
2027-01-24T14:00:00Z,HB_WEST,25.73
2027-01-24T14:00:00Z,HB_NORTH,28.84
2027-01-24T14:00:00Z,HB_SOUTH,33.64
2027-01-24T15:00:00Z,HB_WEST,22.14
2027-01-24T15:00:00Z,HB_NORTH,27.89
2027-01-24T15:00:00Z,HB_SOUTH,31.65
2027-01-24T16:00:00Z,HB_WEST,22.98
2027-01-24T16:00:00Z,HB_NORTH,26.46
2027-01-24T16:00:00Z,HB_SOUTH,27.27
2027-01-24T17:00:00Z,HB_WEST,22.11
2027-01-24T17:00:00Z,HB_NORTH,28.98
2027-01-24T17:00:00Z,HB_SOUTH,27.21
2027-01-24T18:00:00Z,HB_WEST,22.16
2027-01-24T18:00:00Z,HB_NORTH,29.36
2027-01-24T18:00:00Z,HB_SOUTH,28.3
2027-01-24T19:00:00Z,HB_WEST,21.98
2027-01-24T19:00:00Z,HB_NORTH,26.36
2027-01-24T19:00:00Z,HB_SOUTH,29.36
2027-01-24T20:00:00Z,HB_WEST,22.61
2027-01-24T20:00:00Z,HB_NORTH,28.61
2027-01-24T20:00:00Z,HB_SOUTH,28.31
2027-01-24T21:00:00Z,HB_WEST,24.64
2027-01-24T21:00:00Z,HB_NORTH,30.48
2027-01-24T21:00:00Z,HB_SOUTH,31.71
2027-01-24T22:00:00Z,HB_WEST,28.15
2027-01-24T22:00:00Z,HB_NORTH,32.41
2027-01-24T22:00:00Z,HB_SOUTH,32.29
2027-01-24T23:00:00Z,HB_WEST,29.89
2027-01-24T23:00:00Z,HB_NORTH,38.05
2027-01-24T23:00:00Z,HB_SOUTH,36.8
2027-01-25T00:00:00Z,HB_WEST,41.52
2027-01-25T00:00:00Z,HB_NORTH,48.68
2027-01-25T00:00:00Z,HB_SOUTH,51.81
2027-01-25T01:00:00Z,HB_WEST,37.16
2027-01-25T01:00:00Z,HB_NORTH,40.75
2027-01-25T01:00:00Z,HB_SOUTH,47.61
2027-01-25T02:00:00Z,HB_WEST,30.22
2027-01-25T02:00:00Z,HB_NORTH,33.45
2027-01-25T02:00:00Z,HB_SOUTH,38.53
2027-01-25T03:00:00Z,HB_WEST,22.74
2027-01-25T03:00:00Z,HB_NORTH,30.86
2027-01-25T03:00:00Z,HB_SOUTH,32.75
2027-01-25T04:00:00Z,HB_WEST,21.21
2027-01-25T04:00:00Z,HB_NORTH,26.05
2027-01-25T04:00:00Z,HB_SOUTH,27.12
2027-01-25T05:00:00Z,HB_WEST,21.37
2027-01-25T05:00:00Z,HB_NORTH,26.47
2027-01-25T05:00:00Z,HB_SOUTH,30.09
2027-01-25T06:00:00Z,HB_WEST,23.77
2027-01-25T06:00:00Z,HB_NORTH,26.57
2027-01-25T06:00:00Z,HB_SOUTH,30.02
2027-01-25T07:00:00Z,HB_WEST,20.92
2027-01-25T07:00:00Z,HB_NORTH,25.4
2027-01-25T07:00:00Z,HB_SOUTH,28.19
2027-01-25T08:00:00Z,HB_WEST,23.33
2027-01-25T08:00:00Z,HB_NORTH,26.28
2027-01-25T08:00:00Z,HB_SOUTH,30.24
2027-01-25T09:00:00Z,HB_WEST,20.74
2027-01-25T09:00:00Z,HB_NORTH,25.65
2027-01-25T09:00:00Z,HB_SOUTH,30.72
2027-01-25T10:00:00Z,HB_WEST,19.92
2027-01-25T10:00:00Z,HB_NORTH,25.22
2027-01-25T10:00:00Z,HB_SOUTH,29.93
2027-01-25T11:00:00Z,HB_WEST,21.92
2027-01-25T11:00:00Z,HB_NORTH,25.18
2027-01-25T11:00:00Z,HB_SOUTH,30.77
2027-01-25T12:00:00Z,HB_WEST,24.78
2027-01-25T12:00:00Z,HB_NORTH,27.42
2027-01-25T12:00:00Z,HB_SOUTH,34.71
2027-01-25T13:00:00Z,HB_WEST,29.68
2027-01-25T13:00:00Z,HB_NORTH,33.92
2027-01-25T13:00:00Z,HB_SOUTH,40.28
2027-01-25T14:00:00Z,HB_WEST,28.33
2027-01-25T14:00:00Z,HB_NORTH,33.89
2027-01-25T14:00:00Z,HB_SOUTH,35.64
2027-01-25T15:00:00Z,HB_WEST,26.02
2027-01-25T15:00:00Z,HB_NORTH,28.06
2027-01-25T15:00:00Z,HB_SOUTH,31.01
2027-01-25T16:00:00Z,HB_WEST,22.1
2027-01-25T16:00:00Z,HB_NORTH,29.33
2027-01-25T16:00:00Z,HB_SOUTH,31.04
2027-01-25T17:00:00Z,HB_WEST,22.41
2027-01-25T17:00:00Z,HB_NORTH,24.42
2027-01-25T17:00:00Z,HB_SOUTH,29.18
2027-01-25T18:00:00Z,HB_WEST,20.91
2027-01-25T18:00:00Z,HB_NORTH,28.39
2027-01-25T18:00:00Z,HB_SOUTH,28.08
2027-01-25T19:00:00Z,HB_WEST,21.37
2027-01-25T19:00:00Z,HB_NORTH,27.21
2027-01-25T19:00:00Z,HB_SOUTH,29.5
2027-01-25T20:00:00Z,HB_WEST,23.53
2027-01-25T20:00:00Z,HB_NORTH,29.42
2027-01-25T20:00:00Z,HB_SOUTH,30.65
2027-01-25T21:00:00Z,HB_WEST,23.33
2027-01-25T21:00:00Z,HB_NORTH,29.3
2027-01-25T21:00:00Z,HB_SOUTH,32.15
2027-01-25T22:00:00Z,HB_WEST,29.19
2027-01-25T22:00:00Z,HB_NORTH,35.24
2027-01-25T22:00:00Z,HB_SOUTH,38.72
2027-01-25T23:00:00Z,HB_WEST,37.33
2027-01-25T23:00:00Z,HB_NORTH,43.32
2027-01-25T23:00:00Z,HB_SOUTH,42.97
2027-01-26T00:00:00Z,HB_WEST,43.79
2027-01-26T00:00:00Z,HB_NORTH,50.24
2027-01-26T00:00:00Z,HB_SOUTH,52.03
2027-01-26T01:00:00Z,HB_WEST,39.68
2027-01-26T01:00:00Z,HB_NORTH,41.55
2027-01-26T01:00:00Z,HB_SOUTH,48.42
2027-01-26T02:00:00Z,HB_WEST,30.75
2027-01-26T02:00:00Z,HB_NORTH,31.37
2027-01-26T02:00:00Z,HB_SOUTH,39.95
2027-01-26T03:00:00Z,HB_WEST,22.97
2027-01-26T03:00:00Z,HB_NORTH,26.43
2027-01-26T03:00:00Z,HB_SOUTH,28.07
2027-01-26T04:00:00Z,HB_WEST,20.88
2027-01-26T04:00:00Z,HB_NORTH,28.6
2027-01-26T04:00:00Z,HB_SOUTH,29.2
2027-01-26T05:00:00Z,HB_WEST,24.11
2027-01-26T05:00:00Z,HB_NORTH,27.18
2027-01-26T05:00:00Z,HB_SOUTH,26.18
2027-01-26T06:00:00Z,HB_WEST,20.55
2027-01-26T06:00:00Z,HB_NORTH,27.62
2027-01-26T06:00:00Z,HB_SOUTH,31.64
2027-01-26T07:00:00Z,HB_WEST,21.88
2027-01-26T07:00:00Z,HB_NORTH,28.76
2027-01-26T07:00:00Z,HB_SOUTH,28.38
2027-01-26T08:00:00Z,HB_WEST,23.23
2027-01-26T08:00:00Z,HB_NORTH,26.46
2027-01-26T08:00:00Z,HB_SOUTH,29.26
2027-01-26T09:00:00Z,HB_WEST,23.45
2027-01-26T09:00:00Z,HB_NORTH,27.57
2027-01-26T09:00:00Z,HB_SOUTH,31.03
2027-01-26T10:00:00Z,HB_WEST,23.03
2027-01-26T10:00:00Z,HB_NORTH,28.54
2027-01-26T10:00:00Z,HB_SOUTH,29.68
2027-01-26T11:00:00Z,HB_WEST,20.51
2027-01-26T11:00:00Z,HB_NORTH,28.58
2027-01-26T11:00:00Z,HB_SOUTH,29.68
2027-01-26T12:00:00Z,HB_WEST,27.7
2027-01-26T12:00:00Z,HB_NORTH,30.93
2027-01-26T12:00:00Z,HB_SOUTH,30.73
2027-01-26T13:00:00Z,HB_WEST,30.75
2027-01-26T13:00:00Z,HB_NORTH,34.42
2027-01-26T13:00:00Z,HB_SOUTH,38.84
2027-01-26T14:00:00Z,HB_WEST,29.76
2027-01-26T14:00:00Z,HB_NORTH,32.08
2027-01-26T14:00:00Z,HB_SOUTH,40.51
2027-01-26T15:00:00Z,HB_WEST,27.34
2027-01-26T15:00:00Z,HB_NORTH,29.82
2027-01-26T15:00:00Z,HB_SOUTH,30.79
2027-01-26T16:00:00Z,HB_WEST,21.23
2027-01-26T16:00:00Z,HB_NORTH,26.16
2027-01-26T16:00:00Z,HB_SOUTH,31.16
2027-01-26T17:00:00Z,HB_WEST,23.33
2027-01-26T17:00:00Z,HB_NORTH,27.22
2027-01-26T17:00:00Z,HB_SOUTH,26.48
2027-01-26T18:00:00Z,HB_WEST,23.56
2027-01-26T18:00:00Z,HB_NORTH,24.98
2027-01-26T18:00:00Z,HB_SOUTH,27.67
2027-01-26T19:00:00Z,HB_WEST,22.43
2027-01-26T19:00:00Z,HB_NORTH,26.03
2027-01-26T19:00:00Z,HB_SOUTH,30.65
2027-01-26T20:00:00Z,HB_WEST,24.52
2027-01-26T20:00:00Z,HB_NORTH,26.84
2027-01-26T20:00:00Z,HB_SOUTH,28.63
2027-01-26T21:00:00Z,HB_WEST,25.73
2027-01-26T21:00:00Z,HB_NORTH,26.63
2027-01-26T21:00:00Z,HB_SOUTH,31.52
2027-01-26T22:00:00Z,HB_WEST,30.36
2027-01-26T22:00:00Z,HB_NORTH,35.99
2027-01-26T22:00:00Z,HB_SOUTH,36.38
2027-01-26T23:00:00Z,HB_WEST,40.09
2027-01-26T23:00:00Z,HB_NORTH,42.7
2027-01-26T23:00:00Z,HB_SOUTH,45.93
2027-01-27T00:00:00Z,HB_WEST,40.36
2027-01-27T00:00:00Z,HB_NORTH,51.37
2027-01-27T00:00:00Z,HB_SOUTH,46.45
2027-01-27T01:00:00Z,HB_WEST,34.01
2027-01-27T01:00:00Z,HB_NORTH,40.5
2027-01-27T01:00:00Z,HB_SOUTH,41.28
2027-01-27T02:00:00Z,HB_WEST,29.44
2027-01-27T02:00:00Z,HB_NORTH,35.34
2027-01-27T02:00:00Z,HB_SOUTH,37.28
2027-01-27T03:00:00Z,HB_WEST,23.64
2027-01-27T03:00:00Z,HB_NORTH,31.85
2027-01-27T03:00:00Z,HB_SOUTH,30.79
2027-01-27T04:00:00Z,HB_WEST,23.37
2027-01-27T04:00:00Z,HB_NORTH,27.48
2027-01-27T04:00:00Z,HB_SOUTH,32.15
2027-01-27T05:00:00Z,HB_WEST,21.48
2027-01-27T05:00:00Z,HB_NORTH,27.2
2027-01-27T05:00:00Z,HB_SOUTH,28.89
2027-01-27T06:00:00Z,HB_WEST,23.05
2027-01-27T06:00:00Z,HB_NORTH,25.31
2027-01-27T06:00:00Z,HB_SOUTH,31.13
2027-01-27T07:00:00Z,HB_WEST,20.91
2027-01-27T07:00:00Z,HB_NORTH,29.43
2027-01-27T07:00:00Z,HB_SOUTH,26.43
2027-01-27T08:00:00Z,HB_WEST,23.49
2027-01-27T08:00:00Z,HB_NORTH,27.09
2027-01-27T08:00:00Z,HB_SOUTH,30.01
2027-01-27T09:00:00Z,HB_WEST,22.52
2027-01-27T09:00:00Z,HB_NORTH,29.29
2027-01-27T09:00:00Z,HB_SOUTH,27.65
2027-01-27T10:00:00Z,HB_WEST,22.56
2027-01-27T10:00:00Z,HB_NORTH,27.15
2027-01-27T10:00:00Z,HB_SOUTH,31.19
2027-01-27T11:00:00Z,HB_WEST,22.91
2027-01-27T11:00:00Z,HB_NORTH,25.78
2027-01-27T11:00:00Z,HB_SOUTH,30.37
2027-01-27T12:00:00Z,HB_WEST,24.5
2027-01-27T12:00:00Z,HB_NORTH,33.05
2027-01-27T12:00:00Z,HB_SOUTH,33.51
2027-01-27T13:00:00Z,HB_WEST,31.77
2027-01-27T13:00:00Z,HB_NORTH,34.17
2027-01-27T13:00:00Z,HB_SOUTH,33.39
2027-01-27T14:00:00Z,HB_WEST,27.61
2027-01-27T14:00:00Z,HB_NORTH,31.63
2027-01-27T14:00:00Z,HB_SOUTH,37.9
2027-01-27T15:00:00Z,HB_WEST,24.12
2027-01-27T15:00:00Z,HB_NORTH,33.33
2027-01-27T15:00:00Z,HB_SOUTH,34.93
2027-01-27T16:00:00Z,HB_WEST,24.34
2027-01-27T16:00:00Z,HB_NORTH,25.05
2027-01-27T16:00:00Z,HB_SOUTH,32.35
2027-01-27T17:00:00Z,HB_WEST,21.44
2027-01-27T17:00:00Z,HB_NORTH,26.11
2027-01-27T17:00:00Z,HB_SOUTH,29.71
2027-01-27T18:00:00Z,HB_WEST,23.67
2027-01-27T18:00:00Z,HB_NORTH,28.75
2027-01-27T18:00:00Z,HB_SOUTH,29.09
2027-01-27T19:00:00Z,HB_WEST,22.74
2027-01-27T19:00:00Z,HB_NORTH,26.8
2027-01-27T19:00:00Z,HB_SOUTH,31.75
2027-01-27T20:00:00Z,HB_WEST,20.19
2027-01-27T20:00:00Z,HB_NORTH,29.77
2027-01-27T20:00:00Z,HB_SOUTH,31.1
2027-01-27T21:00:00Z,HB_WEST,23.22
2027-01-27T21:00:00Z,HB_NORTH,29.42
2027-01-27T21:00:00Z,HB_SOUTH,33.95
2027-01-27T22:00:00Z,HB_WEST,28.49
2027-01-27T22:00:00Z,HB_NORTH,35.31
2027-01-27T22:00:00Z,HB_SOUTH,39.04
2027-01-27T23:00:00Z,HB_WEST,39.47
2027-01-27T23:00:00Z,HB_NORTH,45.73
2027-01-27T23:00:00Z,HB_SOUTH,40.22
2027-01-28T00:00:00Z,HB_WEST,40.19
2027-01-28T00:00:00Z,HB_NORTH,49.8
2027-01-28T00:00:00Z,HB_SOUTH,184.34
2027-01-28T01:00:00Z,HB_WEST,35.3
2027-01-28T01:00:00Z,HB_NORTH,38.68
2027-01-28T01:00:00Z,HB_SOUTH,183.59
2027-01-28T02:00:00Z,HB_WEST,31.33
2027-01-28T02:00:00Z,HB_NORTH,30.93
2027-01-28T02:00:00Z,HB_SOUTH,139.55
2027-01-28T03:00:00Z,HB_WEST,24.17
2027-01-28T03:00:00Z,HB_NORTH,27.78
2027-01-28T03:00:00Z,HB_SOUTH,29.3
2027-01-28T04:00:00Z,HB_WEST,24.34
2027-01-28T04:00:00Z,HB_NORTH,26.6
2027-01-28T04:00:00Z,HB_SOUTH,27.76
2027-01-28T05:00:00Z,HB_WEST,20.23
2027-01-28T05:00:00Z,HB_NORTH,24.69
2027-01-28T05:00:00Z,HB_SOUTH,29.52
2027-01-28T06:00:00Z,HB_WEST,20.23
2027-01-28T06:00:00Z,HB_NORTH,29.51
2027-01-28T06:00:00Z,HB_SOUTH,29.36
2027-01-28T07:00:00Z,HB_WEST,23.55
2027-01-28T07:00:00Z,HB_NORTH,28.77
2027-01-28T07:00:00Z,HB_SOUTH,30.27
2027-01-28T08:00:00Z,HB_WEST,23.29
2027-01-28T08:00:00Z,HB_NORTH,24.92
2027-01-28T08:00:00Z,HB_SOUTH,28.15
2027-01-28T09:00:00Z,HB_WEST,22.02
2027-01-28T09:00:00Z,HB_NORTH,25.01
2027-01-28T09:00:00Z,HB_SOUTH,27.22
2027-01-28T10:00:00Z,HB_WEST,22.9
2027-01-28T10:00:00Z,HB_NORTH,27.91
2027-01-28T10:00:00Z,HB_SOUTH,27.24
2027-01-28T11:00:00Z,HB_WEST,20.97
2027-01-28T11:00:00Z,HB_NORTH,26.08
2027-01-28T11:00:00Z,HB_SOUTH,30.11
2027-01-28T12:00:00Z,HB_WEST,26.51
2027-01-28T12:00:00Z,HB_NORTH,31.81
2027-01-28T12:00:00Z,HB_SOUTH,33.09
2027-01-28T13:00:00Z,HB_WEST,28.21
2027-01-28T13:00:00Z,HB_NORTH,37.85
2027-01-28T13:00:00Z,HB_SOUTH,37.11
2027-01-28T14:00:00Z,HB_WEST,31.29
2027-01-28T14:00:00Z,HB_NORTH,35.47
2027-01-28T14:00:00Z,HB_SOUTH,35.29
2027-01-28T15:00:00Z,HB_WEST,24.73
2027-01-28T15:00:00Z,HB_NORTH,29.4
2027-01-28T15:00:00Z,HB_SOUTH,29.22
2027-01-28T16:00:00Z,HB_WEST,23.12
2027-01-28T16:00:00Z,HB_NORTH,25.03
2027-01-28T16:00:00Z,HB_SOUTH,31.32
2027-01-28T17:00:00Z,HB_WEST,20.97
2027-01-28T17:00:00Z,HB_NORTH,25.85
2027-01-28T17:00:00Z,HB_SOUTH,26.31
2027-01-28T18:00:00Z,HB_WEST,20.29
2027-01-28T18:00:00Z,HB_NORTH,27.38
2027-01-28T18:00:00Z,HB_SOUTH,26.96
2027-01-28T19:00:00Z,HB_WEST,22.84
2027-01-28T19:00:00Z,HB_NORTH,24.86
2027-01-28T19:00:00Z,HB_SOUTH,27.09
2027-01-28T20:00:00Z,HB_WEST,20.38
2027-01-28T20:00:00Z,HB_NORTH,28.56
2027-01-28T20:00:00Z,HB_SOUTH,31.95
2027-01-28T21:00:00Z,HB_WEST,22.56
2027-01-28T21:00:00Z,HB_NORTH,30.99
2027-01-28T21:00:00Z,HB_SOUTH,28.68
2027-01-28T22:00:00Z,HB_WEST,31.06
2027-01-28T22:00:00Z,HB_NORTH,37.75
2027-01-28T22:00:00Z,HB_SOUTH,144.42
2027-01-28T23:00:00Z,HB_WEST,37.89
2027-01-28T23:00:00Z,HB_NORTH,43.6
2027-01-28T23:00:00Z,HB_SOUTH,189.01
2027-01-29T00:00:00Z,HB_WEST,42.69
2027-01-29T00:00:00Z,HB_NORTH,46.87
2027-01-29T00:00:00Z,HB_SOUTH,53.13
2027-01-29T01:00:00Z,HB_WEST,37.49
2027-01-29T01:00:00Z,HB_NORTH,42.57
2027-01-29T01:00:00Z,HB_SOUTH,43.64
2027-01-29T02:00:00Z,HB_WEST,29.5
2027-01-29T02:00:00Z,HB_NORTH,34.62
2027-01-29T02:00:00Z,HB_SOUTH,39.45
2027-01-29T03:00:00Z,HB_WEST,23.33
2027-01-29T03:00:00Z,HB_NORTH,29.62
2027-01-29T03:00:00Z,HB_SOUTH,28.15
2027-01-29T04:00:00Z,HB_WEST,22.94
2027-01-29T04:00:00Z,HB_NORTH,27.74
2027-01-29T04:00:00Z,HB_SOUTH,27.07
2027-01-29T05:00:00Z,HB_WEST,21.0
2027-01-29T05:00:00Z,HB_NORTH,29.09
2027-01-29T05:00:00Z,HB_SOUTH,31.04
2027-01-29T06:00:00Z,HB_WEST,21.91
2027-01-29T06:00:00Z,HB_NORTH,28.88
2027-01-29T06:00:00Z,HB_SOUTH,31.4
2027-01-29T07:00:00Z,HB_WEST,23.83
2027-01-29T07:00:00Z,HB_NORTH,28.11
2027-01-29T07:00:00Z,HB_SOUTH,27.2
2027-01-29T08:00:00Z,HB_WEST,20.69
2027-01-29T08:00:00Z,HB_NORTH,28.77
2027-01-29T08:00:00Z,HB_SOUTH,28.15
2027-01-29T09:00:00Z,HB_WEST,22.24
2027-01-29T09:00:00Z,HB_NORTH,27.7
2027-01-29T09:00:00Z,HB_SOUTH,29.04
2027-01-29T10:00:00Z,HB_WEST,21.31
2027-01-29T10:00:00Z,HB_NORTH,26.51
2027-01-29T10:00:00Z,HB_SOUTH,28.05
2027-01-29T11:00:00Z,HB_WEST,21.56
2027-01-29T11:00:00Z,HB_NORTH,24.94
2027-01-29T11:00:00Z,HB_SOUTH,27.71
2027-01-29T12:00:00Z,HB_WEST,26.13
2027-01-29T12:00:00Z,HB_NORTH,27.42
2027-01-29T12:00:00Z,HB_SOUTH,31.12
2027-01-29T13:00:00Z,HB_WEST,27.29
2027-01-29T13:00:00Z,HB_NORTH,32.92
2027-01-29T13:00:00Z,HB_SOUTH,39.71
2027-01-29T14:00:00Z,HB_WEST,32.96
2027-01-29T14:00:00Z,HB_NORTH,33.19
2027-01-29T14:00:00Z,HB_SOUTH,33.74
2027-01-29T15:00:00Z,HB_WEST,23.74
2027-01-29T15:00:00Z,HB_NORTH,27.44
2027-01-29T15:00:00Z,HB_SOUTH,33.47
2027-01-29T16:00:00Z,HB_WEST,24.54
2027-01-29T16:00:00Z,HB_NORTH,28.14
2027-01-29T16:00:00Z,HB_SOUTH,28.29
2027-01-29T17:00:00Z,HB_WEST,21.05
2027-01-29T17:00:00Z,HB_NORTH,24.39
2027-01-29T17:00:00Z,HB_SOUTH,27.07
2027-01-29T18:00:00Z,HB_WEST,20.66
2027-01-29T18:00:00Z,HB_NORTH,28.67
2027-01-29T18:00:00Z,HB_SOUTH,28.47
2027-01-29T19:00:00Z,HB_WEST,24.06
2027-01-29T19:00:00Z,HB_NORTH,24.4
2027-01-29T19:00:00Z,HB_SOUTH,31.55
2027-01-29T20:00:00Z,HB_WEST,21.11
2027-01-29T20:00:00Z,HB_NORTH,24.79
2027-01-29T20:00:00Z,HB_SOUTH,26.51
2027-01-29T21:00:00Z,HB_WEST,25.75
2027-01-29T21:00:00Z,HB_NORTH,26.91
2027-01-29T21:00:00Z,HB_SOUTH,31.42
2027-01-29T22:00:00Z,HB_WEST,26.8
2027-01-29T22:00:00Z,HB_NORTH,32.7
2027-01-29T22:00:00Z,HB_SOUTH,35.06
2027-01-29T23:00:00Z,HB_WEST,38.95
2027-01-29T23:00:00Z,HB_NORTH,46.62
2027-01-29T23:00:00Z,HB_SOUTH,46.55
2027-01-30T00:00:00Z,HB_WEST,34.38
2027-01-30T00:00:00Z,HB_NORTH,39.35
2027-01-30T00:00:00Z,HB_SOUTH,38.49
2027-01-30T01:00:00Z,HB_WEST,32.78
2027-01-30T01:00:00Z,HB_NORTH,37.08
2027-01-30T01:00:00Z,HB_SOUTH,35.72
2027-01-30T02:00:00Z,HB_WEST,28.0
2027-01-30T02:00:00Z,HB_NORTH,32.34
2027-01-30T02:00:00Z,HB_SOUTH,36.01
2027-01-30T03:00:00Z,HB_WEST,21.73
2027-01-30T03:00:00Z,HB_NORTH,28.51
2027-01-30T03:00:00Z,HB_SOUTH,29.62
2027-01-30T04:00:00Z,HB_WEST,23.7
2027-01-30T04:00:00Z,HB_NORTH,25.15
2027-01-30T04:00:00Z,HB_SOUTH,30.31
2027-01-30T05:00:00Z,HB_WEST,23.61
2027-01-30T05:00:00Z,HB_NORTH,29.45
2027-01-30T05:00:00Z,HB_SOUTH,29.95
2027-01-30T06:00:00Z,HB_WEST,20.44
2027-01-30T06:00:00Z,HB_NORTH,25.35
2027-01-30T06:00:00Z,HB_SOUTH,28.95
2027-01-30T07:00:00Z,HB_WEST,21.57
2027-01-30T07:00:00Z,HB_NORTH,29.07
2027-01-30T07:00:00Z,HB_SOUTH,28.05
2027-01-30T08:00:00Z,HB_WEST,21.84
2027-01-30T08:00:00Z,HB_NORTH,27.77
2027-01-30T08:00:00Z,HB_SOUTH,30.86
2027-01-30T09:00:00Z,HB_WEST,21.82
2027-01-30T09:00:00Z,HB_NORTH,26.46
2027-01-30T09:00:00Z,HB_SOUTH,31.31
2027-01-30T10:00:00Z,HB_WEST,22.82
2027-01-30T10:00:00Z,HB_NORTH,29.63
2027-01-30T10:00:00Z,HB_SOUTH,29.8
2027-01-30T11:00:00Z,HB_WEST,21.27
2027-01-30T11:00:00Z,HB_NORTH,25.8
2027-01-30T11:00:00Z,HB_SOUTH,32.04
2027-01-30T12:00:00Z,HB_WEST,22.26
2027-01-30T12:00:00Z,HB_NORTH,27.66
2027-01-30T12:00:00Z,HB_SOUTH,28.69
2027-01-30T13:00:00Z,HB_WEST,25.61
2027-01-30T13:00:00Z,HB_NORTH,32.67
2027-01-30T13:00:00Z,HB_SOUTH,34.37
2027-01-30T14:00:00Z,HB_WEST,28.44
2027-01-30T14:00:00Z,HB_NORTH,30.42
2027-01-30T14:00:00Z,HB_SOUTH,31.87
2027-01-30T15:00:00Z,HB_WEST,25.02
2027-01-30T15:00:00Z,HB_NORTH,29.93
2027-01-30T15:00:00Z,HB_SOUTH,28.17
2027-01-30T16:00:00Z,HB_WEST,20.37
2027-01-30T16:00:00Z,HB_NORTH,26.04
2027-01-30T16:00:00Z,HB_SOUTH,27.98
2027-01-30T17:00:00Z,HB_WEST,23.05
2027-01-30T17:00:00Z,HB_NORTH,25.03
2027-01-30T17:00:00Z,HB_SOUTH,29.36
2027-01-30T18:00:00Z,HB_WEST,20.84
2027-01-30T18:00:00Z,HB_NORTH,26.43
2027-01-30T18:00:00Z,HB_SOUTH,29.25
2027-01-30T19:00:00Z,HB_WEST,21.27
2027-01-30T19:00:00Z,HB_NORTH,26.47
2027-01-30T19:00:00Z,HB_SOUTH,28.82
2027-01-30T20:00:00Z,HB_WEST,22.91
2027-01-30T20:00:00Z,HB_NORTH,25.73
2027-01-30T20:00:00Z,HB_SOUTH,31.34
2027-01-30T21:00:00Z,HB_WEST,25.48
2027-01-30T21:00:00Z,HB_NORTH,30.28
2027-01-30T21:00:00Z,HB_SOUTH,27.65
2027-01-30T22:00:00Z,HB_WEST,25.42
2027-01-30T22:00:00Z,HB_NORTH,28.67
2027-01-30T22:00:00Z,HB_SOUTH,34.17
2027-01-30T23:00:00Z,HB_WEST,29.16
2027-01-30T23:00:00Z,HB_NORTH,38.66
2027-01-30T23:00:00Z,HB_SOUTH,35.6
2027-01-31T00:00:00Z,HB_WEST,33.74
2027-01-31T00:00:00Z,HB_NORTH,37.73
2027-01-31T00:00:00Z,HB_SOUTH,157.96
2027-01-31T01:00:00Z,HB_WEST,30.13
2027-01-31T01:00:00Z,HB_NORTH,35.24
2027-01-31T01:00:00Z,HB_SOUTH,139.03
2027-01-31T02:00:00Z,HB_WEST,26.05
2027-01-31T02:00:00Z,HB_NORTH,29.45
2027-01-31T02:00:00Z,HB_SOUTH,145.98
2027-01-31T03:00:00Z,HB_WEST,24.24
2027-01-31T03:00:00Z,HB_NORTH,30.78
2027-01-31T03:00:00Z,HB_SOUTH,29.86
2027-01-31T04:00:00Z,HB_WEST,22.11
2027-01-31T04:00:00Z,HB_NORTH,28.06
2027-01-31T04:00:00Z,HB_SOUTH,29.28
2027-01-31T05:00:00Z,HB_WEST,20.92
2027-01-31T05:00:00Z,HB_NORTH,24.45
2027-01-31T05:00:00Z,HB_SOUTH,28.42
2027-01-31T06:00:00Z,HB_WEST,23.03
2027-01-31T06:00:00Z,HB_NORTH,26.11
2027-01-31T06:00:00Z,HB_SOUTH,29.52
2027-01-31T07:00:00Z,HB_WEST,21.92
2027-01-31T07:00:00Z,HB_NORTH,27.87
2027-01-31T07:00:00Z,HB_SOUTH,26.5
2027-01-31T08:00:00Z,HB_WEST,22.79
2027-01-31T08:00:00Z,HB_NORTH,27.08
2027-01-31T08:00:00Z,HB_SOUTH,30.5
2027-01-31T09:00:00Z,HB_WEST,20.87
2027-01-31T09:00:00Z,HB_NORTH,26.84
2027-01-31T09:00:00Z,HB_SOUTH,28.68
2027-01-31T10:00:00Z,HB_WEST,20.44
2027-01-31T10:00:00Z,HB_NORTH,28.07
2027-01-31T10:00:00Z,HB_SOUTH,27.6
2027-01-31T11:00:00Z,HB_WEST,21.36
2027-01-31T11:00:00Z,HB_NORTH,24.98
2027-01-31T11:00:00Z,HB_SOUTH,29.32
2027-01-31T12:00:00Z,HB_WEST,22.81
2027-01-31T12:00:00Z,HB_NORTH,27.47
2027-01-31T12:00:00Z,HB_SOUTH,30.26
2027-01-31T13:00:00Z,HB_WEST,23.86
2027-01-31T13:00:00Z,HB_NORTH,33.74
2027-01-31T13:00:00Z,HB_SOUTH,32.34
2027-01-31T14:00:00Z,HB_WEST,24.07
2027-01-31T14:00:00Z,HB_NORTH,34.0
2027-01-31T14:00:00Z,HB_SOUTH,31.18
2027-01-31T15:00:00Z,HB_WEST,24.46
2027-01-31T15:00:00Z,HB_NORTH,27.83
2027-01-31T15:00:00Z,HB_SOUTH,30.0
2027-01-31T16:00:00Z,HB_WEST,20.83
2027-01-31T16:00:00Z,HB_NORTH,27.17
2027-01-31T16:00:00Z,HB_SOUTH,30.09
2027-01-31T17:00:00Z,HB_WEST,24.21
2027-01-31T17:00:00Z,HB_NORTH,27.72
2027-01-31T17:00:00Z,HB_SOUTH,30.22
2027-01-31T18:00:00Z,HB_WEST,20.21
2027-01-31T18:00:00Z,HB_NORTH,28.16
2027-01-31T18:00:00Z,HB_SOUTH,26.9
2027-01-31T19:00:00Z,HB_WEST,19.9
2027-01-31T19:00:00Z,HB_NORTH,26.1
2027-01-31T19:00:00Z,HB_SOUTH,27.89
2027-01-31T20:00:00Z,HB_WEST,21.7
2027-01-31T20:00:00Z,HB_NORTH,25.01
2027-01-31T20:00:00Z,HB_SOUTH,28.02
2027-01-31T21:00:00Z,HB_WEST,21.16
2027-01-31T21:00:00Z,HB_NORTH,28.74
2027-01-31T21:00:00Z,HB_SOUTH,32.97
2027-01-31T22:00:00Z,HB_WEST,25.3
2027-01-31T22:00:00Z,HB_NORTH,32.24
2027-01-31T22:00:00Z,HB_SOUTH,144.41
2027-01-31T23:00:00Z,HB_WEST,31.64
2027-01-31T23:00:00Z,HB_NORTH,38.94
2027-01-31T23:00:00Z,HB_SOUTH,162.39
2027-02-01T00:00:00Z,HB_WEST,44.1
2027-02-01T00:00:00Z,HB_NORTH,51.09
2027-02-01T00:00:00Z,HB_SOUTH,51.81
2027-02-01T01:00:00Z,HB_WEST,39.48
2027-02-01T01:00:00Z,HB_NORTH,39.24
2027-02-01T01:00:00Z,HB_SOUTH,40.64
2027-02-01T02:00:00Z,HB_WEST,30.68
2027-02-01T02:00:00Z,HB_NORTH,32.79
2027-02-01T02:00:00Z,HB_SOUTH,39.35
2027-02-01T03:00:00Z,HB_WEST,26.48
2027-02-01T03:00:00Z,HB_NORTH,26.69
2027-02-01T03:00:00Z,HB_SOUTH,28.92
2027-02-01T04:00:00Z,HB_WEST,21.61
2027-02-01T04:00:00Z,HB_NORTH,29.02
2027-02-01T04:00:00Z,HB_SOUTH,30.16
2027-02-01T05:00:00Z,HB_WEST,20.42
2027-02-01T05:00:00Z,HB_NORTH,26.61
2027-02-01T05:00:00Z,HB_SOUTH,27.81
2027-02-01T06:00:00Z,HB_WEST,19.88
2027-02-01T06:00:00Z,HB_NORTH,29.36
2027-02-01T06:00:00Z,HB_SOUTH,27.4
2027-02-01T07:00:00Z,HB_WEST,22.82
2027-02-01T07:00:00Z,HB_NORTH,28.47
2027-02-01T07:00:00Z,HB_SOUTH,31.72
2027-02-01T08:00:00Z,HB_WEST,20.0
2027-02-01T08:00:00Z,HB_NORTH,27.35
2027-02-01T08:00:00Z,HB_SOUTH,30.91
2027-02-01T09:00:00Z,HB_WEST,22.52
2027-02-01T09:00:00Z,HB_NORTH,28.11
2027-02-01T09:00:00Z,HB_SOUTH,28.68
2027-02-01T10:00:00Z,HB_WEST,23.35
2027-02-01T10:00:00Z,HB_NORTH,26.62
2027-02-01T10:00:00Z,HB_SOUTH,30.91
2027-02-01T11:00:00Z,HB_WEST,24.7
2027-02-01T11:00:00Z,HB_NORTH,27.82
2027-02-01T11:00:00Z,HB_SOUTH,29.94
2027-02-01T12:00:00Z,HB_WEST,25.14
2027-02-01T12:00:00Z,HB_NORTH,28.23
2027-02-01T12:00:00Z,HB_SOUTH,30.93
2027-02-01T13:00:00Z,HB_WEST,27.21
2027-02-01T13:00:00Z,HB_NORTH,37.8
2027-02-01T13:00:00Z,HB_SOUTH,36.4
2027-02-01T14:00:00Z,HB_WEST,31.79
2027-02-01T14:00:00Z,HB_NORTH,34.01
2027-02-01T14:00:00Z,HB_SOUTH,34.38
2027-02-01T15:00:00Z,HB_WEST,25.72
2027-02-01T15:00:00Z,HB_NORTH,27.75
2027-02-01T15:00:00Z,HB_SOUTH,33.89
2027-02-01T16:00:00Z,HB_WEST,21.74
2027-02-01T16:00:00Z,HB_NORTH,25.11
2027-02-01T16:00:00Z,HB_SOUTH,30.94
2027-02-01T17:00:00Z,HB_WEST,22.87
2027-02-01T17:00:00Z,HB_NORTH,26.31
2027-02-01T17:00:00Z,HB_SOUTH,29.22
2027-02-01T18:00:00Z,HB_WEST,23.22
2027-02-01T18:00:00Z,HB_NORTH,27.26
2027-02-01T18:00:00Z,HB_SOUTH,29.78
2027-02-01T19:00:00Z,HB_WEST,22.95
2027-02-01T19:00:00Z,HB_NORTH,24.95
2027-02-01T19:00:00Z,HB_SOUTH,28.54
2027-02-01T20:00:00Z,HB_WEST,21.91
2027-02-01T20:00:00Z,HB_NORTH,29.71
2027-02-01T20:00:00Z,HB_SOUTH,32.24
2027-02-01T21:00:00Z,HB_WEST,23.76
2027-02-01T21:00:00Z,HB_NORTH,27.42
2027-02-01T21:00:00Z,HB_SOUTH,29.33
2027-02-01T22:00:00Z,HB_WEST,27.02
2027-02-01T22:00:00Z,HB_NORTH,34.24
2027-02-01T22:00:00Z,HB_SOUTH,35.86
2027-02-01T23:00:00Z,HB_WEST,35.69
2027-02-01T23:00:00Z,HB_NORTH,39.35
2027-02-01T23:00:00Z,HB_SOUTH,48.53
2027-02-02T00:00:00Z,HB_WEST,43.23
2027-02-02T00:00:00Z,HB_NORTH,48.81
2027-02-02T00:00:00Z,HB_SOUTH,48.5
2027-02-02T01:00:00Z,HB_WEST,36.51
2027-02-02T01:00:00Z,HB_NORTH,44.86
2027-02-02T01:00:00Z,HB_SOUTH,44.8
2027-02-02T02:00:00Z,HB_WEST,27.69
2027-02-02T02:00:00Z,HB_NORTH,35.11
2027-02-02T02:00:00Z,HB_SOUTH,33.7
2027-02-02T03:00:00Z,HB_WEST,26.0
2027-02-02T03:00:00Z,HB_NORTH,28.76
2027-02-02T03:00:00Z,HB_SOUTH,33.53
2027-02-02T04:00:00Z,HB_WEST,24.2
2027-02-02T04:00:00Z,HB_NORTH,25.71
2027-02-02T04:00:00Z,HB_SOUTH,30.44
2027-02-02T05:00:00Z,HB_WEST,23.92
2027-02-02T05:00:00Z,HB_NORTH,28.64
2027-02-02T05:00:00Z,HB_SOUTH,28.71
2027-02-02T06:00:00Z,HB_WEST,22.68
2027-02-02T06:00:00Z,HB_NORTH,26.87
2027-02-02T06:00:00Z,HB_SOUTH,30.17
2027-02-02T07:00:00Z,HB_WEST,20.18
2027-02-02T07:00:00Z,HB_NORTH,26.45
2027-02-02T07:00:00Z,HB_SOUTH,28.79
2027-02-02T08:00:00Z,HB_WEST,20.09
2027-02-02T08:00:00Z,HB_NORTH,28.87
2027-02-02T08:00:00Z,HB_SOUTH,29.29
2027-02-02T09:00:00Z,HB_WEST,23.87
2027-02-02T09:00:00Z,HB_NORTH,27.59
2027-02-02T09:00:00Z,HB_SOUTH,27.11
2027-02-02T10:00:00Z,HB_WEST,22.24
2027-02-02T10:00:00Z,HB_NORTH,28.27
2027-02-02T10:00:00Z,HB_SOUTH,29.31
2027-02-02T11:00:00Z,HB_WEST,22.46
2027-02-02T11:00:00Z,HB_NORTH,28.1
2027-02-02T11:00:00Z,HB_SOUTH,32.05
2027-02-02T12:00:00Z,HB_WEST,25.59
2027-02-02T12:00:00Z,HB_NORTH,29.33
2027-02-02T12:00:00Z,HB_SOUTH,35.03
2027-02-02T13:00:00Z,HB_WEST,30.56
2027-02-02T13:00:00Z,HB_NORTH,37.18
2027-02-02T13:00:00Z,HB_SOUTH,36.29
2027-02-02T14:00:00Z,HB_WEST,27.82
2027-02-02T14:00:00Z,HB_NORTH,35.38
2027-02-02T14:00:00Z,HB_SOUTH,39.85
2027-02-02T15:00:00Z,HB_WEST,27.42
2027-02-02T15:00:00Z,HB_NORTH,29.81
2027-02-02T15:00:00Z,HB_SOUTH,35.43
2027-02-02T16:00:00Z,HB_WEST,24.36
2027-02-02T16:00:00Z,HB_NORTH,29.66
2027-02-02T16:00:00Z,HB_SOUTH,29.81
2027-02-02T17:00:00Z,HB_WEST,21.0
2027-02-02T17:00:00Z,HB_NORTH,29.58
2027-02-02T17:00:00Z,HB_SOUTH,30.05
2027-02-02T18:00:00Z,HB_WEST,23.53
2027-02-02T18:00:00Z,HB_NORTH,26.3
2027-02-02T18:00:00Z,HB_SOUTH,26.2
2027-02-02T19:00:00Z,HB_WEST,20.16
2027-02-02T19:00:00Z,HB_NORTH,27.9
2027-02-02T19:00:00Z,HB_SOUTH,27.95
2027-02-02T20:00:00Z,HB_WEST,21.46
2027-02-02T20:00:00Z,HB_NORTH,24.67
2027-02-02T20:00:00Z,HB_SOUTH,27.2
2027-02-02T21:00:00Z,HB_WEST,24.29
2027-02-02T21:00:00Z,HB_NORTH,26.75
2027-02-02T21:00:00Z,HB_SOUTH,31.18
2027-02-02T22:00:00Z,HB_WEST,31.22
2027-02-02T22:00:00Z,HB_NORTH,34.86
2027-02-02T22:00:00Z,HB_SOUTH,38.81
2027-02-02T23:00:00Z,HB_WEST,37.93
2027-02-02T23:00:00Z,HB_NORTH,40.13
2027-02-02T23:00:00Z,HB_SOUTH,43.0
2027-02-03T00:00:00Z,HB_WEST,170.47
2027-02-03T00:00:00Z,HB_NORTH,44.24
2027-02-03T00:00:00Z,HB_SOUTH,46.73
2027-02-03T01:00:00Z,HB_WEST,143.78
2027-02-03T01:00:00Z,HB_NORTH,46.16
2027-02-03T01:00:00Z,HB_SOUTH,46.72
2027-02-03T02:00:00Z,HB_WEST,129.09
2027-02-03T02:00:00Z,HB_NORTH,35.15
2027-02-03T02:00:00Z,HB_SOUTH,39.31
2027-02-03T03:00:00Z,HB_WEST,22.6
2027-02-03T03:00:00Z,HB_NORTH,29.17
2027-02-03T03:00:00Z,HB_SOUTH,33.22
2027-02-03T04:00:00Z,HB_WEST,20.91
2027-02-03T04:00:00Z,HB_NORTH,28.53
2027-02-03T04:00:00Z,HB_SOUTH,26.9
2027-02-03T05:00:00Z,HB_WEST,23.71
2027-02-03T05:00:00Z,HB_NORTH,27.58
2027-02-03T05:00:00Z,HB_SOUTH,31.73
2027-02-03T06:00:00Z,HB_WEST,21.71
2027-02-03T06:00:00Z,HB_NORTH,29.06
2027-02-03T06:00:00Z,HB_SOUTH,26.64
2027-02-03T07:00:00Z,HB_WEST,20.41
2027-02-03T07:00:00Z,HB_NORTH,29.03
2027-02-03T07:00:00Z,HB_SOUTH,29.89
2027-02-03T08:00:00Z,HB_WEST,21.29
2027-02-03T08:00:00Z,HB_NORTH,26.81
2027-02-03T08:00:00Z,HB_SOUTH,28.22
2027-02-03T09:00:00Z,HB_WEST,20.66
2027-02-03T09:00:00Z,HB_NORTH,27.7
2027-02-03T09:00:00Z,HB_SOUTH,27.82
2027-02-03T10:00:00Z,HB_WEST,23.73
2027-02-03T10:00:00Z,HB_NORTH,25.73
2027-02-03T10:00:00Z,HB_SOUTH,30.44
2027-02-03T11:00:00Z,HB_WEST,21.56
2027-02-03T11:00:00Z,HB_NORTH,29.67
2027-02-03T11:00:00Z,HB_SOUTH,26.74
2027-02-03T12:00:00Z,HB_WEST,25.43
2027-02-03T12:00:00Z,HB_NORTH,29.24
2027-02-03T12:00:00Z,HB_SOUTH,31.11
2027-02-03T13:00:00Z,HB_WEST,32.32
2027-02-03T13:00:00Z,HB_NORTH,34.62
2027-02-03T13:00:00Z,HB_SOUTH,34.43
2027-02-03T14:00:00Z,HB_WEST,29.78
2027-02-03T14:00:00Z,HB_NORTH,33.56
2027-02-03T14:00:00Z,HB_SOUTH,40.08
2027-02-03T15:00:00Z,HB_WEST,27.69
2027-02-03T15:00:00Z,HB_NORTH,30.58
2027-02-03T15:00:00Z,HB_SOUTH,34.7
2027-02-03T16:00:00Z,HB_WEST,21.74
2027-02-03T16:00:00Z,HB_NORTH,27.09
2027-02-03T16:00:00Z,HB_SOUTH,29.83
2027-02-03T17:00:00Z,HB_WEST,21.08
2027-02-03T17:00:00Z,HB_NORTH,26.67
2027-02-03T17:00:00Z,HB_SOUTH,28.98
2027-02-03T18:00:00Z,HB_WEST,21.98
2027-02-03T18:00:00Z,HB_NORTH,27.58
2027-02-03T18:00:00Z,HB_SOUTH,26.47
2027-02-03T19:00:00Z,HB_WEST,20.1
2027-02-03T19:00:00Z,HB_NORTH,29.58
2027-02-03T19:00:00Z,HB_SOUTH,29.93
2027-02-03T20:00:00Z,HB_WEST,20.86
2027-02-03T20:00:00Z,HB_NORTH,25.13
2027-02-03T20:00:00Z,HB_SOUTH,27.94
2027-02-03T21:00:00Z,HB_WEST,26.04
2027-02-03T21:00:00Z,HB_NORTH,26.21
2027-02-03T21:00:00Z,HB_SOUTH,32.26
2027-02-03T22:00:00Z,HB_WEST,119.06
2027-02-03T22:00:00Z,HB_NORTH,36.96
2027-02-03T22:00:00Z,HB_SOUTH,38.98
2027-02-03T23:00:00Z,HB_WEST,160.01
2027-02-03T23:00:00Z,HB_NORTH,44.22
2027-02-03T23:00:00Z,HB_SOUTH,40.95
2027-02-04T00:00:00Z,HB_WEST,43.47
2027-02-04T00:00:00Z,HB_NORTH,51.13
2027-02-04T00:00:00Z,HB_SOUTH,44.13
2027-02-04T01:00:00Z,HB_WEST,37.37
2027-02-04T01:00:00Z,HB_NORTH,42.26
2027-02-04T01:00:00Z,HB_SOUTH,47.52
2027-02-04T02:00:00Z,HB_WEST,26.91
2027-02-04T02:00:00Z,HB_NORTH,32.87
2027-02-04T02:00:00Z,HB_SOUTH,35.7
2027-02-04T03:00:00Z,HB_WEST,25.82
2027-02-04T03:00:00Z,HB_NORTH,30.51
2027-02-04T03:00:00Z,HB_SOUTH,28.54
2027-02-04T04:00:00Z,HB_WEST,23.18
2027-02-04T04:00:00Z,HB_NORTH,25.59
2027-02-04T04:00:00Z,HB_SOUTH,30.01
2027-02-04T05:00:00Z,HB_WEST,23.08
2027-02-04T05:00:00Z,HB_NORTH,27.51
2027-02-04T05:00:00Z,HB_SOUTH,27.55
2027-02-04T06:00:00Z,HB_WEST,20.6
2027-02-04T06:00:00Z,HB_NORTH,28.07
2027-02-04T06:00:00Z,HB_SOUTH,31.87
2027-02-04T07:00:00Z,HB_WEST,22.49
2027-02-04T07:00:00Z,HB_NORTH,26.26
2027-02-04T07:00:00Z,HB_SOUTH,28.22
2027-02-04T08:00:00Z,HB_WEST,22.18
2027-02-04T08:00:00Z,HB_NORTH,28.45
2027-02-04T08:00:00Z,HB_SOUTH,27.92
2027-02-04T09:00:00Z,HB_WEST,21.95
2027-02-04T09:00:00Z,HB_NORTH,26.13
2027-02-04T09:00:00Z,HB_SOUTH,27.43
2027-02-04T10:00:00Z,HB_WEST,22.93
2027-02-04T10:00:00Z,HB_NORTH,24.76
2027-02-04T10:00:00Z,HB_SOUTH,27.1
2027-02-04T11:00:00Z,HB_WEST,21.09
2027-02-04T11:00:00Z,HB_NORTH,25.09
2027-02-04T11:00:00Z,HB_SOUTH,30.72
2027-02-04T12:00:00Z,HB_WEST,24.34
2027-02-04T12:00:00Z,HB_NORTH,33.0
2027-02-04T12:00:00Z,HB_SOUTH,29.33
2027-02-04T13:00:00Z,HB_WEST,27.47
2027-02-04T13:00:00Z,HB_NORTH,34.06
2027-02-04T13:00:00Z,HB_SOUTH,36.97
2027-02-04T14:00:00Z,HB_WEST,27.17
2027-02-04T14:00:00Z,HB_NORTH,32.65
2027-02-04T14:00:00Z,HB_SOUTH,33.97
2027-02-04T15:00:00Z,HB_WEST,26.84
2027-02-04T15:00:00Z,HB_NORTH,32.62
2027-02-04T15:00:00Z,HB_SOUTH,32.12
2027-02-04T16:00:00Z,HB_WEST,24.19
2027-02-04T16:00:00Z,HB_NORTH,27.13
2027-02-04T16:00:00Z,HB_SOUTH,30.85
2027-02-04T17:00:00Z,HB_WEST,19.88
2027-02-04T17:00:00Z,HB_NORTH,26.76
2027-02-04T17:00:00Z,HB_SOUTH,29.72
2027-02-04T18:00:00Z,HB_WEST,21.86
2027-02-04T18:00:00Z,HB_NORTH,27.93
2027-02-04T18:00:00Z,HB_SOUTH,29.87
2027-02-04T19:00:00Z,HB_WEST,22.13
2027-02-04T19:00:00Z,HB_NORTH,26.04
2027-02-04T19:00:00Z,HB_SOUTH,30.37
2027-02-04T20:00:00Z,HB_WEST,23.66
2027-02-04T20:00:00Z,HB_NORTH,24.8
2027-02-04T20:00:00Z,HB_SOUTH,29.43
2027-02-04T21:00:00Z,HB_WEST,23.58
2027-02-04T21:00:00Z,HB_NORTH,31.65
2027-02-04T21:00:00Z,HB_SOUTH,31.38
2027-02-04T22:00:00Z,HB_WEST,26.69
2027-02-04T22:00:00Z,HB_NORTH,35.41
2027-02-04T22:00:00Z,HB_SOUTH,35.14
2027-02-04T23:00:00Z,HB_WEST,34.76
2027-02-04T23:00:00Z,HB_NORTH,43.8
2027-02-04T23:00:00Z,HB_SOUTH,41.7
2027-02-05T00:00:00Z,HB_WEST,40.67
2027-02-05T00:00:00Z,HB_NORTH,43.83
2027-02-05T00:00:00Z,HB_SOUTH,51.66
2027-02-05T01:00:00Z,HB_WEST,40.47
2027-02-05T01:00:00Z,HB_NORTH,45.39
2027-02-05T01:00:00Z,HB_SOUTH,44.89
2027-02-05T02:00:00Z,HB_WEST,30.63
2027-02-05T02:00:00Z,HB_NORTH,34.29
2027-02-05T02:00:00Z,HB_SOUTH,38.76
2027-02-05T03:00:00Z,HB_WEST,24.15
2027-02-05T03:00:00Z,HB_NORTH,30.49
2027-02-05T03:00:00Z,HB_SOUTH,30.87
2027-02-05T04:00:00Z,HB_WEST,24.45
2027-02-05T04:00:00Z,HB_NORTH,28.03
2027-02-05T04:00:00Z,HB_SOUTH,29.47
2027-02-05T05:00:00Z,HB_WEST,21.42
2027-02-05T05:00:00Z,HB_NORTH,27.3
2027-02-05T05:00:00Z,HB_SOUTH,27.96
2027-02-05T06:00:00Z,HB_WEST,20.39
2027-02-05T06:00:00Z,HB_NORTH,26.28
2027-02-05T06:00:00Z,HB_SOUTH,30.8
2027-02-05T07:00:00Z,HB_WEST,21.82
2027-02-05T07:00:00Z,HB_NORTH,28.64
2027-02-05T07:00:00Z,HB_SOUTH,26.53
2027-02-05T08:00:00Z,HB_WEST,23.99
2027-02-05T08:00:00Z,HB_NORTH,28.46
2027-02-05T08:00:00Z,HB_SOUTH,26.49
2027-02-05T09:00:00Z,HB_WEST,22.36
2027-02-05T09:00:00Z,HB_NORTH,26.55
2027-02-05T09:00:00Z,HB_SOUTH,28.35
2027-02-05T10:00:00Z,HB_WEST,23.72
2027-02-05T10:00:00Z,HB_NORTH,27.33
2027-02-05T10:00:00Z,HB_SOUTH,26.16
2027-02-05T11:00:00Z,HB_WEST,23.39
2027-02-05T11:00:00Z,HB_NORTH,25.45
2027-02-05T11:00:00Z,HB_SOUTH,30.29
2027-02-05T12:00:00Z,HB_WEST,25.02
2027-02-05T12:00:00Z,HB_NORTH,32.02
2027-02-05T12:00:00Z,HB_SOUTH,30.23
2027-02-05T13:00:00Z,HB_WEST,27.3
2027-02-05T13:00:00Z,HB_NORTH,34.26
2027-02-05T13:00:00Z,HB_SOUTH,39.49
2027-02-05T14:00:00Z,HB_WEST,29.75
2027-02-05T14:00:00Z,HB_NORTH,36.75
2027-02-05T14:00:00Z,HB_SOUTH,36.61
2027-02-05T15:00:00Z,HB_WEST,27.22
2027-02-05T15:00:00Z,HB_NORTH,27.72
2027-02-05T15:00:00Z,HB_SOUTH,32.25
2027-02-05T16:00:00Z,HB_WEST,22.6
2027-02-05T16:00:00Z,HB_NORTH,26.53
2027-02-05T16:00:00Z,HB_SOUTH,31.53
2027-02-05T17:00:00Z,HB_WEST,22.99
2027-02-05T17:00:00Z,HB_NORTH,28.94
2027-02-05T17:00:00Z,HB_SOUTH,28.69
2027-02-05T18:00:00Z,HB_WEST,22.22
2027-02-05T18:00:00Z,HB_NORTH,25.51
2027-02-05T18:00:00Z,HB_SOUTH,28.19
2027-02-05T19:00:00Z,HB_WEST,22.95
2027-02-05T19:00:00Z,HB_NORTH,24.93
2027-02-05T19:00:00Z,HB_SOUTH,29.07
2027-02-05T20:00:00Z,HB_WEST,23.9
2027-02-05T20:00:00Z,HB_NORTH,24.75
2027-02-05T20:00:00Z,HB_SOUTH,27.16
2027-02-05T21:00:00Z,HB_WEST,24.87
2027-02-05T21:00:00Z,HB_NORTH,26.54
2027-02-05T21:00:00Z,HB_SOUTH,30.58
2027-02-05T22:00:00Z,HB_WEST,30.68
2027-02-05T22:00:00Z,HB_NORTH,36.81
2027-02-05T22:00:00Z,HB_SOUTH,38.99
2027-02-05T23:00:00Z,HB_WEST,38.62
2027-02-05T23:00:00Z,HB_NORTH,41.13
2027-02-05T23:00:00Z,HB_SOUTH,40.63
2027-02-06T00:00:00Z,HB_WEST,34.33
2027-02-06T00:00:00Z,HB_NORTH,39.96
2027-02-06T00:00:00Z,HB_SOUTH,38.1
2027-02-06T01:00:00Z,HB_WEST,29.04
2027-02-06T01:00:00Z,HB_NORTH,34.15
2027-02-06T01:00:00Z,HB_SOUTH,37.65
2027-02-06T02:00:00Z,HB_WEST,25.85
2027-02-06T02:00:00Z,HB_NORTH,34.43
2027-02-06T02:00:00Z,HB_SOUTH,31.0
2027-02-06T03:00:00Z,HB_WEST,23.38
2027-02-06T03:00:00Z,HB_NORTH,27.91
2027-02-06T03:00:00Z,HB_SOUTH,30.2
2027-02-06T04:00:00Z,HB_WEST,22.58
2027-02-06T04:00:00Z,HB_NORTH,29.34
2027-02-06T04:00:00Z,HB_SOUTH,26.59
2027-02-06T05:00:00Z,HB_WEST,21.95
2027-02-06T05:00:00Z,HB_NORTH,25.12
2027-02-06T05:00:00Z,HB_SOUTH,26.36
2027-02-06T06:00:00Z,HB_WEST,23.55
2027-02-06T06:00:00Z,HB_NORTH,24.58
2027-02-06T06:00:00Z,HB_SOUTH,31.37
2027-02-06T07:00:00Z,HB_WEST,23.36
2027-02-06T07:00:00Z,HB_NORTH,25.15
2027-02-06T07:00:00Z,HB_SOUTH,26.26
2027-02-06T08:00:00Z,HB_WEST,20.64
2027-02-06T08:00:00Z,HB_NORTH,24.84
2027-02-06T08:00:00Z,HB_SOUTH,30.39
2027-02-06T09:00:00Z,HB_WEST,23.24
2027-02-06T09:00:00Z,HB_NORTH,25.87
2027-02-06T09:00:00Z,HB_SOUTH,28.88
2027-02-06T10:00:00Z,HB_WEST,22.83
2027-02-06T10:00:00Z,HB_NORTH,28.74
2027-02-06T10:00:00Z,HB_SOUTH,30.7
2027-02-06T11:00:00Z,HB_WEST,24.16
2027-02-06T11:00:00Z,HB_NORTH,28.95
2027-02-06T11:00:00Z,HB_SOUTH,31.08
2027-02-06T12:00:00Z,HB_WEST,22.54
2027-02-06T12:00:00Z,HB_NORTH,28.43
2027-02-06T12:00:00Z,HB_SOUTH,32.08
2027-02-06T13:00:00Z,HB_WEST,26.43
2027-02-06T13:00:00Z,HB_NORTH,30.03
2027-02-06T13:00:00Z,HB_SOUTH,33.83
2027-02-06T14:00:00Z,HB_WEST,26.95
2027-02-06T14:00:00Z,HB_NORTH,31.88
2027-02-06T14:00:00Z,HB_SOUTH,33.85
2027-02-06T15:00:00Z,HB_WEST,24.47
2027-02-06T15:00:00Z,HB_NORTH,28.93
2027-02-06T15:00:00Z,HB_SOUTH,31.38
2027-02-06T16:00:00Z,HB_WEST,22.61
2027-02-06T16:00:00Z,HB_NORTH,26.94
2027-02-06T16:00:00Z,HB_SOUTH,28.82
2027-02-06T17:00:00Z,HB_WEST,21.38
2027-02-06T17:00:00Z,HB_NORTH,24.89
2027-02-06T17:00:00Z,HB_SOUTH,27.56
2027-02-06T18:00:00Z,HB_WEST,20.82
2027-02-06T18:00:00Z,HB_NORTH,27.04
2027-02-06T18:00:00Z,HB_SOUTH,29.83
2027-02-06T19:00:00Z,HB_WEST,23.53
2027-02-06T19:00:00Z,HB_NORTH,28.88
2027-02-06T19:00:00Z,HB_SOUTH,28.27
2027-02-06T20:00:00Z,HB_WEST,22.61
2027-02-06T20:00:00Z,HB_NORTH,25.5
2027-02-06T20:00:00Z,HB_SOUTH,26.8
2027-02-06T21:00:00Z,HB_WEST,23.05
2027-02-06T21:00:00Z,HB_NORTH,30.92
2027-02-06T21:00:00Z,HB_SOUTH,31.21
2027-02-06T22:00:00Z,HB_WEST,26.38
2027-02-06T22:00:00Z,HB_NORTH,31.97
2027-02-06T22:00:00Z,HB_SOUTH,35.85
2027-02-06T23:00:00Z,HB_WEST,32.66
2027-02-06T23:00:00Z,HB_NORTH,34.36
2027-02-06T23:00:00Z,HB_SOUTH,39.14
2027-02-07T00:00:00Z,HB_WEST,33.34
2027-02-07T00:00:00Z,HB_NORTH,37.15
2027-02-07T00:00:00Z,HB_SOUTH,37.35
2027-02-07T01:00:00Z,HB_WEST,34.33
2027-02-07T01:00:00Z,HB_NORTH,36.57
2027-02-07T01:00:00Z,HB_SOUTH,38.35
2027-02-07T02:00:00Z,HB_WEST,27.61
2027-02-07T02:00:00Z,HB_NORTH,29.88
2027-02-07T02:00:00Z,HB_SOUTH,30.55
2027-02-07T03:00:00Z,HB_WEST,22.65
2027-02-07T03:00:00Z,HB_NORTH,27.49
2027-02-07T03:00:00Z,HB_SOUTH,30.4
2027-02-07T04:00:00Z,HB_WEST,22.28
2027-02-07T04:00:00Z,HB_NORTH,26.95
2027-02-07T04:00:00Z,HB_SOUTH,31.86
2027-02-07T05:00:00Z,HB_WEST,21.08
2027-02-07T05:00:00Z,HB_NORTH,24.43
2027-02-07T05:00:00Z,HB_SOUTH,29.26
2027-02-07T06:00:00Z,HB_WEST,20.8
2027-02-07T06:00:00Z,HB_NORTH,28.11
2027-02-07T06:00:00Z,HB_SOUTH,26.54
2027-02-07T07:00:00Z,HB_WEST,23.93
2027-02-07T07:00:00Z,HB_NORTH,28.35
2027-02-07T07:00:00Z,HB_SOUTH,28.73
2027-02-07T08:00:00Z,HB_WEST,20.0
2027-02-07T08:00:00Z,HB_NORTH,25.32
2027-02-07T08:00:00Z,HB_SOUTH,27.05
2027-02-07T09:00:00Z,HB_WEST,22.1
2027-02-07T09:00:00Z,HB_NORTH,29.58
2027-02-07T09:00:00Z,HB_SOUTH,27.94
2027-02-07T10:00:00Z,HB_WEST,22.88
2027-02-07T10:00:00Z,HB_NORTH,27.15
2027-02-07T10:00:00Z,HB_SOUTH,29.24
2027-02-07T11:00:00Z,HB_WEST,22.49
2027-02-07T11:00:00Z,HB_NORTH,25.97
2027-02-07T11:00:00Z,HB_SOUTH,26.87
2027-02-07T12:00:00Z,HB_WEST,22.92
2027-02-07T12:00:00Z,HB_NORTH,30.61
2027-02-07T12:00:00Z,HB_SOUTH,31.95
2027-02-07T13:00:00Z,HB_WEST,25.84
2027-02-07T13:00:00Z,HB_NORTH,28.08
2027-02-07T13:00:00Z,HB_SOUTH,31.65
2027-02-07T14:00:00Z,HB_WEST,24.51
2027-02-07T14:00:00Z,HB_NORTH,34.12
2027-02-07T14:00:00Z,HB_SOUTH,34.06
2027-02-07T15:00:00Z,HB_WEST,25.72
2027-02-07T15:00:00Z,HB_NORTH,26.48
2027-02-07T15:00:00Z,HB_SOUTH,31.86
2027-02-07T16:00:00Z,HB_WEST,21.52
2027-02-07T16:00:00Z,HB_NORTH,27.93
2027-02-07T16:00:00Z,HB_SOUTH,29.01
2027-02-07T17:00:00Z,HB_WEST,22.56
2027-02-07T17:00:00Z,HB_NORTH,25.33
2027-02-07T17:00:00Z,HB_SOUTH,31.01
2027-02-07T18:00:00Z,HB_WEST,20.86
2027-02-07T18:00:00Z,HB_NORTH,28.09
2027-02-07T18:00:00Z,HB_SOUTH,31.0
2027-02-07T19:00:00Z,HB_WEST,23.68
2027-02-07T19:00:00Z,HB_NORTH,26.82
2027-02-07T19:00:00Z,HB_SOUTH,27.49
2027-02-07T20:00:00Z,HB_WEST,22.19
2027-02-07T20:00:00Z,HB_NORTH,25.56
2027-02-07T20:00:00Z,HB_SOUTH,30.12
2027-02-07T21:00:00Z,HB_WEST,22.08
2027-02-07T21:00:00Z,HB_NORTH,27.33
2027-02-07T21:00:00Z,HB_SOUTH,29.89
2027-02-07T22:00:00Z,HB_WEST,27.8
2027-02-07T22:00:00Z,HB_NORTH,34.02
2027-02-07T22:00:00Z,HB_SOUTH,34.13
2027-02-07T23:00:00Z,HB_WEST,28.53
2027-02-07T23:00:00Z,HB_NORTH,35.27
2027-02-07T23:00:00Z,HB_SOUTH,37.07
2027-02-08T00:00:00Z,HB_WEST,41.97
2027-02-08T00:00:00Z,HB_NORTH,50.03
2027-02-08T00:00:00Z,HB_SOUTH,50.49
2027-02-08T01:00:00Z,HB_WEST,38.3
2027-02-08T01:00:00Z,HB_NORTH,40.43
2027-02-08T01:00:00Z,HB_SOUTH,43.21
2027-02-08T02:00:00Z,HB_WEST,29.98
2027-02-08T02:00:00Z,HB_NORTH,35.27
2027-02-08T02:00:00Z,HB_SOUTH,39.09
2027-02-08T03:00:00Z,HB_WEST,24.8
2027-02-08T03:00:00Z,HB_NORTH,29.41
2027-02-08T03:00:00Z,HB_SOUTH,30.7
2027-02-08T04:00:00Z,HB_WEST,21.59
2027-02-08T04:00:00Z,HB_NORTH,25.2
2027-02-08T04:00:00Z,HB_SOUTH,31.76
2027-02-08T05:00:00Z,HB_WEST,21.14
2027-02-08T05:00:00Z,HB_NORTH,24.93
2027-02-08T05:00:00Z,HB_SOUTH,31.43
2027-02-08T06:00:00Z,HB_WEST,21.87
2027-02-08T06:00:00Z,HB_NORTH,29.3
2027-02-08T06:00:00Z,HB_SOUTH,27.0
2027-02-08T07:00:00Z,HB_WEST,22.87
2027-02-08T07:00:00Z,HB_NORTH,24.43
2027-02-08T07:00:00Z,HB_SOUTH,27.25
2027-02-08T08:00:00Z,HB_WEST,23.07
2027-02-08T08:00:00Z,HB_NORTH,24.77
2027-02-08T08:00:00Z,HB_SOUTH,31.55
2027-02-08T09:00:00Z,HB_WEST,20.9
2027-02-08T09:00:00Z,HB_NORTH,25.89
2027-02-08T09:00:00Z,HB_SOUTH,27.17
2027-02-08T10:00:00Z,HB_WEST,23.02
2027-02-08T10:00:00Z,HB_NORTH,29.02
2027-02-08T10:00:00Z,HB_SOUTH,28.46
2027-02-08T11:00:00Z,HB_WEST,21.42
2027-02-08T11:00:00Z,HB_NORTH,28.12
2027-02-08T11:00:00Z,HB_SOUTH,29.74
2027-02-08T12:00:00Z,HB_WEST,27.71
2027-02-08T12:00:00Z,HB_NORTH,32.48
2027-02-08T12:00:00Z,HB_SOUTH,30.49
2027-02-08T13:00:00Z,HB_WEST,27.61
2027-02-08T13:00:00Z,HB_NORTH,34.37
2027-02-08T13:00:00Z,HB_SOUTH,38.26
2027-02-08T14:00:00Z,HB_WEST,32.89
2027-02-08T14:00:00Z,HB_NORTH,34.93
2027-02-08T14:00:00Z,HB_SOUTH,39.61
2027-02-08T15:00:00Z,HB_WEST,25.91
2027-02-08T15:00:00Z,HB_NORTH,31.93
2027-02-08T15:00:00Z,HB_SOUTH,29.82
2027-02-08T16:00:00Z,HB_WEST,22.33
2027-02-08T16:00:00Z,HB_NORTH,25.62
2027-02-08T16:00:00Z,HB_SOUTH,30.47
2027-02-08T17:00:00Z,HB_WEST,22.47
2027-02-08T17:00:00Z,HB_NORTH,27.49
2027-02-08T17:00:00Z,HB_SOUTH,31.0
2027-02-08T18:00:00Z,HB_WEST,19.83
2027-02-08T18:00:00Z,HB_NORTH,28.14
2027-02-08T18:00:00Z,HB_SOUTH,27.51
2027-02-08T19:00:00Z,HB_WEST,22.79
2027-02-08T19:00:00Z,HB_NORTH,24.95
2027-02-08T19:00:00Z,HB_SOUTH,29.71
2027-02-08T20:00:00Z,HB_WEST,23.77
2027-02-08T20:00:00Z,HB_NORTH,29.43
2027-02-08T20:00:00Z,HB_SOUTH,27.09
2027-02-08T21:00:00Z,HB_WEST,25.06
2027-02-08T21:00:00Z,HB_NORTH,30.67
2027-02-08T21:00:00Z,HB_SOUTH,29.06
2027-02-08T22:00:00Z,HB_WEST,29.59
2027-02-08T22:00:00Z,HB_NORTH,35.42
2027-02-08T22:00:00Z,HB_SOUTH,38.43
2027-02-08T23:00:00Z,HB_WEST,40.7
2027-02-08T23:00:00Z,HB_NORTH,40.15
2027-02-08T23:00:00Z,HB_SOUTH,41.67
2027-02-09T00:00:00Z,HB_WEST,44.16
2027-02-09T00:00:00Z,HB_NORTH,51.64
2027-02-09T00:00:00Z,HB_SOUTH,46.28
2027-02-09T01:00:00Z,HB_WEST,38.52
2027-02-09T01:00:00Z,HB_NORTH,45.48
2027-02-09T01:00:00Z,HB_SOUTH,47.6
2027-02-09T02:00:00Z,HB_WEST,27.16
2027-02-09T02:00:00Z,HB_NORTH,35.62
2027-02-09T02:00:00Z,HB_SOUTH,35.32
2027-02-09T03:00:00Z,HB_WEST,23.09
2027-02-09T03:00:00Z,HB_NORTH,30.75
2027-02-09T03:00:00Z,HB_SOUTH,32.24
2027-02-09T04:00:00Z,HB_WEST,21.49
2027-02-09T04:00:00Z,HB_NORTH,29.98
2027-02-09T04:00:00Z,HB_SOUTH,26.61
2027-02-09T05:00:00Z,HB_WEST,23.77
2027-02-09T05:00:00Z,HB_NORTH,25.72
2027-02-09T05:00:00Z,HB_SOUTH,29.28
2027-02-09T06:00:00Z,HB_WEST,21.19
2027-02-09T06:00:00Z,HB_NORTH,28.69
2027-02-09T06:00:00Z,HB_SOUTH,31.15
2027-02-09T07:00:00Z,HB_WEST,20.81
2027-02-09T07:00:00Z,HB_NORTH,28.23
2027-02-09T07:00:00Z,HB_SOUTH,30.59
2027-02-09T08:00:00Z,HB_WEST,22.99
2027-02-09T08:00:00Z,HB_NORTH,25.64
2027-02-09T08:00:00Z,HB_SOUTH,26.22
2027-02-09T09:00:00Z,HB_WEST,23.05
2027-02-09T09:00:00Z,HB_NORTH,28.1
2027-02-09T09:00:00Z,HB_SOUTH,26.37
2027-02-09T10:00:00Z,HB_WEST,23.31
2027-02-09T10:00:00Z,HB_NORTH,24.86
2027-02-09T10:00:00Z,HB_SOUTH,30.95
2027-02-09T11:00:00Z,HB_WEST,24.66
2027-02-09T11:00:00Z,HB_NORTH,29.96
2027-02-09T11:00:00Z,HB_SOUTH,29.98
2027-02-09T12:00:00Z,HB_WEST,26.48
2027-02-09T12:00:00Z,HB_NORTH,28.75
2027-02-09T12:00:00Z,HB_SOUTH,32.87
2027-02-09T13:00:00Z,HB_WEST,32.42
2027-02-09T13:00:00Z,HB_NORTH,37.98
2027-02-09T13:00:00Z,HB_SOUTH,34.34
2027-02-09T14:00:00Z,HB_WEST,30.76
2027-02-09T14:00:00Z,HB_NORTH,32.12
2027-02-09T14:00:00Z,HB_SOUTH,38.71
2027-02-09T15:00:00Z,HB_WEST,25.24
2027-02-09T15:00:00Z,HB_NORTH,28.89
2027-02-09T15:00:00Z,HB_SOUTH,29.6
2027-02-09T16:00:00Z,HB_WEST,21.7
2027-02-09T16:00:00Z,HB_NORTH,27.99
2027-02-09T16:00:00Z,HB_SOUTH,30.54
2027-02-09T17:00:00Z,HB_WEST,19.98
2027-02-09T17:00:00Z,HB_NORTH,29.21
2027-02-09T17:00:00Z,HB_SOUTH,31.03
2027-02-09T18:00:00Z,HB_WEST,23.26
2027-02-09T18:00:00Z,HB_NORTH,27.92
2027-02-09T18:00:00Z,HB_SOUTH,26.62
2027-02-09T19:00:00Z,HB_WEST,22.41
2027-02-09T19:00:00Z,HB_NORTH,28.63
2027-02-09T19:00:00Z,HB_SOUTH,28.11
2027-02-09T20:00:00Z,HB_WEST,23.9
2027-02-09T20:00:00Z,HB_NORTH,24.65
2027-02-09T20:00:00Z,HB_SOUTH,29.56
2027-02-09T21:00:00Z,HB_WEST,25.53
2027-02-09T21:00:00Z,HB_NORTH,27.87
2027-02-09T21:00:00Z,HB_SOUTH,32.8
2027-02-09T22:00:00Z,HB_WEST,31.39
2027-02-09T22:00:00Z,HB_NORTH,32.66
2027-02-09T22:00:00Z,HB_SOUTH,37.39
2027-02-09T23:00:00Z,HB_WEST,33.94
2027-02-09T23:00:00Z,HB_NORTH,38.85
2027-02-09T23:00:00Z,HB_SOUTH,42.62
